customer,frequency
1984,117
3276,70
4360,67
806,64
500,63
2112,62
241,60
6728,52
75,51
916,50
1088,49
918,48
2138,48
3241,47
669,46
1810,44
2264,43
993,43
3395,43
289,41
1308,38
5519,38
3419,37
6051,37
6152,37
2488,36
5303,36
415,35
2741,34
404,34
19,34
4130,34
2590,33
3831,33
364,33
3323,32
3793,31
4054,31
1185,31
1953,30
1879,30
298,30
1311,29
1376,29
1336,29
405,28
2689,28
1878,28
1184,28
2397,28
1256,28
2355,28
3594,28
1509,28
4221,28
6030,28
4501,27
2560,27
2115,27
1407,27
1750,27
839,27
3845,26
214,26
4426,26
6963,26
1971,26
1782,26
1838,25
2727,25
1419,25
5226,25
2353,25
142,25
185,25
1156,24
1187,24
1224,24
1035,24
1030,24
4408,24
827,24
4709,24
3464,24
4486,24
3932,23
3486,23
6731,23
557,23
4973,23
2875,23
639,22
4783,22
1444,22
662,22
1495,22
2249,22
2015,22
3935,22
4571,22
2698,21
511,21
3948,21
4497,21
2315,21
922,21
2188,21
3226,21
906,21
2597,21
1988,21
3631,20
2768,20
3847,20
609,20
3996,20
4913,20
2066,20
627,20
3776,20
3893,20
367,20
1747,20
2615,20
2570,20
1464,20
6228,20
2953,20
27,20
6777,20
3254,19
2279,19
2543,19
5453,19
2991,19
1237,19
2104,19
319,19
2368,19
99,19
427,19
926,19
809,19
3021,19
2735,19
2642,19
5849,19
1920,19
1109,19
228,19
4534,18
613,18
2231,18
5400,18
3003,18
2453,18
986,18
507,18
2045,18
4073,18
2051,18
4362,18
2725,18
928,18
3198,18
10,18
1909,18
4032,18
743,18
2308,18
2310,18
2364,18
1379,18
1281,17
4068,17
631,17
3347,17
2199,17
5407,17
1144,17
4141,17
2925,17
848,17
4627,17
589,17
3557,17
6055,17
1614,17
4744,17
25,17
4752,17
4206,17
4337,17
984,17
1688,17
2732,17
3292,16
2970,16
2588,16
1206,16
3359,16
1105,16
103,16
963,16
761,16
760,16
1968,16
3864,16
2166,16
637,16
1425,16
179,16
1382,16
646,16
2934,16
2147,16
4477,16
4215,16
5885,16
4982,16
2110,16
1273,16
293,15
691,15
680,15
994,15
5350,15
5149,15
2672,15
4310,15
4075,15
653,15
335,15
2152,15
1164,15
3275,15
1398,15
436,15
2340,15
3927,15
1617,15
2356,15
1981,15
2120,15
1125,15
4473,15
3789,15
1108,15
5824,15
2486,15
1629,15
2177,15
1089,15
4875,14
5997,14
466,14
4885,14
4679,14
2723,14
1594,14
2344,14
3011,14
3430,14
2920,14
5416,14
42,14
6603,14
385,14
1290,14
4487,14
5790,14
968,14
1892,14
1366,14
473,14
2650,14
3232,14
6089,14
105,14
5320,14
143,14
6308,14
1825,14
3805,14
559,14
3666,14
3080,14
85,14
5228,14
3992,14
1891,14
136,14
7146,13
523,13
3441,13
354,13
2198,13
431,13
2089,13
5712,13
1221,13
6974,13
3726,13
1533,13
1927,13
2620,13
6258,13
6136,13
1899,13
2935,13
435,13
1921,13
4223,13
1926,13
1492,13
4834,13
2749,13
3643,13
2753,13
784,13
5323,13
3764,13
1963,13
5515,13
1499,13
1401,13
2554,13
607,13
601,13
1792,13
1934,13
4959,12
6461,12
7005,12
2038,12
2150,12
4470,12
3410,12
779,12
2608,12
4635,12
3923,12
7414,12
460,12
153,12
1976,12
7284,12
4590,12
93,12
5464,12
2121,12
4531,12
1421,12
38,12
4576,12
3049,12
3778,12
6191,12
3690,12
2515,12
4155,12
330,12
539,12
2525,12
5027,12
1040,12
8310,12
1789,12
1621,12
6176,12
652,12
3658,12
1380,12
4251,12
2514,12
1087,12
6817,12
1060,12
1258,12
3442,12
976,11
5477,11
5148,11
564,11
2100,11
1739,11
5223,11
3868,11
3431,11
2573,11
4578,11
1570,11
2362,11
137,11
1816,11
2027,11
469,11
2029,11
763,11
4257,11
4270,11
6588,11
4192,11
2765,11
1062,11
3823,11
2024,11
1052,11
4325,11
2391,11
530,11
1347,11
8945,11
4714,11
4482,11
414,11
2955,11
6633,11
2571,11
3534,11
2671,11
6690,11
192,11
571,11
86,11
176,11
3459,11
2481,11
1090,11
2295,11
3919,11
5212,11
3607,11
4019,11
5919,11
2119,11
6838,11
327,11
3202,11
877,11
5906,11
168,11
4010,11
4467,11
1518,11
5325,10
1319,10
6709,10
2593,10
4994,10
512,10
1649,10
5010,10
2606,10
4882,10
9,10
586,10
8412,10
738,10
5428,10
5420,10
5060,10
1713,10
23,10
483,10
634,10
5213,10
5366,10
503,10
583,10
481,10
479,10
7447,10
2304,10
1528,10
5923,10
1236,10
5810,10
924,10
352,10
4466,10
4453,10
4448,10
2941,10
1146,10
9496,10
5909,10
7926,10
1932,10
2982,10
1274,10
6632,10
4356,10
6597,10
4803,10
1506,10
63,10
5981,10
4249,10
232,10
1074,10
3369,10
4113,10
4126,10
6575,10
1474,10
4476,10
2002,10
2136,10
5684,10
3540,10
4778,10
6441,10
29,10
2393,10
7340,10
3282,10
6400,10
6900,10
1564,10
6664,10
3865,10
39,10
145,10
4511,10
6773,10
6837,10
4502,10
5685,10
6297,10
898,10
2129,10
4043,9
3122,9
3112,9
8593,9
3140,9
1053,9
4170,9
3782,9
3243,9
1394,9
4042,9
3261,9
5204,9
1333,9
1099,9
3317,9
3177,9
1426,9
3941,9
3204,9
3264,9
2639,9
1438,9
1432,9
4804,9
671,9
3088,9
4565,9
716,9
2933,9
907,9
722,9
905,9
8672,9
4955,9
1538,9
4567,9
5132,9
4925,9
868,9
857,9
4664,9
4677,9
4688,9
2777,9
4795,9
3392,9
4431,9
5018,9
2947,9
3074,9
5123,9
1260,9
2668,9
5114,9
8015,9
5102,9
4247,9
1006,9
3018,9
677,9
1636,9
2682,9
2683,9
5043,9
4409,9
4419,9
992,9
5090,9
2031,9
5312,9
6772,9
534,9
6314,9
2335,9
6313,9
362,9
186,9
1690,9
322,9
5936,9
2275,9
2274,9
552,9
7008,9
306,9
1748,9
2078,9
6609,9
1734,9
5536,9
76,9
1716,9
6585,9
5421,9
101,9
6471,9
7461,9
6443,9
5635,9
6433,9
5649,9
2493,9
7307,9
1683,9
376,9
5994,9
5260,9
7027,9
259,9
7105,9
2582,9
2244,9
5301,9
2592,9
2207,9
7043,9
5272,9
6215,9
7056,8
6499,8
2846,8
434,8
6495,8
1573,8
1567,8
231,8
4278,8
6151,8
4640,8
4637,8
852,8
3796,8
8235,8
421,8
4602,8
4589,8
3808,8
1069,8
3730,8
3721,8
3725,8
463,8
4864,8
5533,8
4067,8
2736,8
467,8
4850,8
2737,8
4086,8
1077,8
3667,8
7372,8
4749,8
461,8
7371,8
3689,8
81,8
787,8
1718,8
454,8
1387,8
6424,8
7357,8
6117,8
2202,8
873,8
8156,8
6268,8
339,8
1779,8
1846,8
3945,8
2216,8
8523,8
4388,8
5914,8
7933,8
6199,8
1524,8
6019,8
2242,8
2162,8
7958,8
7011,8
205,8
1794,8
4318,8
4003,8
2247,8
940,8
7215,8
6113,8
4506,8
6101,8
290,8
881,8
6377,8
885,8
2105,8
4147,8
6071,8
4510,8
2931,8
1447,8
5834,8
1864,8
4500,8
5732,8
6167,8
4163,8
7262,8
4039,8
5509,8
375,8
6957,8
2731,8
2601,8
563,8
5333,8
1681,8
2475,8
724,8
62,8
2707,8
2516,8
3624,8
2536,8
650,8
3538,8
6674,8
2701,8
5122,8
5117,8
708,8
4954,8
2695,8
5107,8
5095,8
6657,8
5084,8
3387,8
3613,8
5029,8
525,8
1983,8
8344,8
5051,8
5357,8
5059,8
3512,8
1979,8
4893,8
2473,8
5473,8
3511,8
3492,8
5277,8
7,8
2627,8
4114,7
5841,7
972,7
1672,7
2526,7
1072,7
952,7
5092,7
3560,7
4105,7
1298,7
581,7
198,7
5338,7
6992,7
7903,7
584,7
1516,7
5917,7
1784,7
3215,7
1068,7
3500,7
3498,7
5286,7
5838,7
6979,7
1827,7
4085,7
912,7
675,7
1978,7
5495,7
3482,7
6,7
2313,7
368,7
5806,7
8792,7
3906,7
359,7
6971,7
4469,7
5812,7
172,7
2302,7
2936,7
932,7
3142,7
346,7
7599,7
2983,7
7159,7
4060,7
2988,7
642,7
2557,7
8998,7
3450,7
570,7
633,7
6024,7
4050,7
7558,7
1114,7
4239,7
1466,7
212,7
1836,7
274,7
8614,7
272,7
3068,7
3073,7
271,7
1034,7
270,7
7096,7
4191,7
2171,7
7091,7
8375,7
4295,7
6754,7
1118,7
5178,7
1321,7
6748,7
3978,7
1436,7
1129,7
1507,7
3205,7
2206,7
2260,7
3436,7
1461,7
1124,7
2257,7
254,7
6689,7
6707,7
3104,7
1502,7
3997,7
1338,7
1644,7
8994,7
18,7
294,7
5502,7
3902,7
2705,7
7267,7
1265,7
7657,7
808,7
2791,7
6589,7
3331,7
2016,7
2813,7
440,7
2814,7
3321,7
4694,7
4690,7
2816,7
6591,7
3294,7
5399,7
5395,7
4667,7
2820,7
6484,7
4987,7
840,7
236,7
3785,7
4632,7
423,7
2036,7
4957,7
8280,7
7361,7
3703,7
7701,7
474,7
2462,7
4858,7
5523,7
1257,7
7680,7
2740,7
1370,7
4919,7
772,7
2748,7
7671,7
2463,7
4934,7
3682,7
4937,7
1593,7
3645,7
2717,7
4812,7
2438,7
1720,7
6587,7
1378,7
5553,7
87,7
711,7
4080,7
395,7
5725,7
531,7
1286,7
5662,7
2094,7
4554,7
1911,7
1539,7
2897,7
5007,7
7637,7
1545,7
6927,7
7315,7
6601,7
4998,7
2687,7
1195,7
859,7
6935,7
7614,7
1277,7
7454,7
6387,7
1700,7
2908,7
7317,7
3850,7
2181,6
9379,6
6774,6
149,6
1136,6
1316,6
221,6
173,6
1103,6
3188,6
2125,6
6170,6
1908,6
3455,6
3678,6
6644,6
6724,6
3888,6
6557,6
1860,6
3878,6
6813,6
3423,6
6576,6
3255,6
1858,6
1371,6
6814,6
3368,6
229,6
6530,6
227,6
3364,6
2009,6
6544,6
1386,6
3699,6
3744,6
4008,6
1148,6
3634,6
8134,6
2044,6
2146,6
3620,6
6989,6
3816,6
1345,6
6492,6
6486,6
2160,6
6467,6
1435,6
2042,6
1271,6
3623,6
8237,6
1137,6
3291,6
3826,6
6500,6
6280,6
17,6
3424,6
3572,6
177,6
6834,6
1835,6
1842,6
8121,6
2167,6
1314,6
6279,6
4012,6
3427,6
1897,6
6521,6
6509,6
1183,6
134,6
2131,6
6706,6
1116,6
2163,6
1167,6
5920,6
6122,6
7301,6
1724,6
2781,6
4760,6
2773,6
794,6
4796,6
2762,6
782,6
4822,6
1598,6
464,6
4846,6
4847,6
768,6
4848,6
4867,6
5478,6
2721,6
5468,6
5459,6
7412,6
2783,6
1731,6
2787,6
425,6
7848,6
865,6
4596,6
2874,6
4618,6
7819,6
2858,6
2853,6
4631,6
426,6
4729,6
429,6
3154,6
5616,6
2817,6
7332,6
4695,6
4696,6
4725,6
7772,6
4940,6
2719,6
729,6
7551,6
5329,6
1687,6
7574,6
2653,6
5317,6
5145,6
1645,6
567,6
5309,6
629,6
550,6
5192,6
5198,6
2568,6
5210,6
616,6
5252,6
596,6
5245,6
7515,6
654,6
7592,6
1708,6
2506,6
2716,6
5410,6
4970,6
714,6
516,6
7633,6
521,6
5371,6
5033,6
5367,6
5348,6
2674,6
5052,6
535,6
5063,6
7611,6
674,6
5072,6
538,6
5356,6
2910,6
7805,6
5677,6
9562,6
4307,6
9329,6
300,6
991,6
5963,6
303,6
7142,6
5956,6
4349,6
7151,6
7165,6
4433,6
4364,6
7935,6
7522,6
887,6
4386,6
958,6
5895,6
2967,6
5872,6
4425,6
7969,6
1498,6
2246,6
7987,6
8092,6
245,6
9349,6
6097,6
6068,6
1817,6
1049,6
8594,6
8042,6
6050,6
265,6
2212,6
1475,6
275,6
1485,6
6028,6
2239,6
4233,6
4236,6
8624,6
1010,6
4427,6
2980,6
8399,6
7220,6
5742,6
4491,6
5728,6
7274,6
1757,6
5720,6
911,6
1754,6
7288,6
7292,6
2915,6
2328,6
2305,6
7877,6
7890,6
349,6
4439,6
1881,5
3199,5
1488,5
2533,5
1969,5
2234,5
3428,5
8825,5
2861,5
1657,5
2197,5
3257,5
2190,5
1936,5
1452,5
8686,5
2109,5
2076,5
8956,5
8563,5
1680,5
1744,5
1548,5
3451,5
1648,5
3281,5
1925,5
1654,5
2843,5
1547,5
3098,5
1741,5
2174,5
1939,5
1404,5
1743,5
3353,5
3405,5
2296,5
2284,5
1773,5
1727,5
2014,5
1601,5
2742,5
2288,5
2012,5
2949,5
3333,5
1717,5
2300,5
1527,5
1721,5
9150,5
2775,5
3357,5
2437,5
3336,5
2306,5
3247,5
2330,5
1583,5
2496,5
2372,5
2691,5
2693,5
2694,5
2699,5
2382,5
1706,5
1369,5
3381,5
2329,5
2810,5
1508,5
2793,5
1732,5
3326,5
1434,5
2253,5
966,5
3475,5
593,5
5230,5
5224,5
621,5
5175,5
640,5
644,5
655,5
684,5
5047,5
687,5
4996,5
710,5
4988,5
713,5
4967,5
4952,5
4941,5
7510,5
588,5
746,5
5299,5
7356,5
5554,5
458,5
465,5
5444,5
495,5
5402,5
5393,5
7453,5
5359,5
7469,5
7470,5
547,5
5322,5
5316,5
5313,5
5302,5
4908,5
753,5
5586,5
7800,5
4630,5
851,5
4581,5
4551,5
4526,5
4516,5
4514,5
4508,5
4454,5
939,5
4422,5
4421,5
4414,5
4406,5
961,5
4371,5
7950,5
4652,5
4698,5
4868,5
9648,5
7708,5
4854,5
765,5
4849,5
4839,5
4835,5
4823,5
4817,5
4816,5
4814,5
7730,5
4779,5
4764,5
7758,5
4735,5
813,5
4711,5
5581,5
439,5
1001,5
6450,5
6427,5
127,5
6391,5
6921,5
6923,5
6933,5
6344,5
6336,5
6326,5
6953,5
6965,5
6980,5
6265,5
6984,5
6251,5
6243,5
6229,5
6435,5
6451,5
7010,5
6453,5
6726,5
6715,5
6692,5
6688,5
6685,5
6683,5
6750,5
6760,5
53,5
6782,5
79,5
89,5
6523,5
91,5
6502,5
6463,5
6456,5
7007,5
206,5
5638,5
310,5
5933,5
5921,5
325,5
337,5
5861,5
5843,5
7227,5
358,5
7233,5
366,5
5800,5
5780,5
7254,5
5746,5
7283,5
5646,5
5643,5
314,5
5958,5
6185,5
305,5
7029,5
6179,5
6162,5
242,5
6118,5
7076,5
261,5
276,5
6026,5
6015,5
5993,5
5990,5
7125,5
5986,5
5972,5
5966,5
304,5
996,5
692,5
1930,5
8358,5
8276,5
3704,5
1076,5
4133,5
4144,5
1058,5
8056,5
8055,5
8299,5
4157,5
1251,5
3660,5
3656,5
8035,5
4189,5
4195,5
3627,5
3590,5
3580,5
3722,5
1223,5
3729,5
3980,5
3879,5
4298,5
3870,5
3925,5
8167,5
3857,5
1139,5
8221,5
3822,5
1219,5
8228,5
1193,5
3790,5
9454,5
3982,5
8136,5
8128,5
8265,5
8353,5
3691,5
3541,5
3563,5
1304,5
3523,5
4292,5
3532,5
4274,5
1295,5
2299,4
2286,4
5877,4
3293,4
6655,4
5865,4
6762,4
5819,4
3768,4
7224,4
5898,4
6672,4
6752,4
2307,4
5802,4
3514,4
6652,4
6454,4
8253,4
3454,4
2241,4
3706,4
6010,4
5998,4
8285,4
6783,4
3348,4
2250,4
5975,4
3524,4
6776,4
6631,4
3741,4
2261,4
6646,4
3743,4
5940,4
3746,4
3748,4
3752,4
2312,4
8456,4
5599,4
3458,4
3866,4
3869,4
6719,4
5637,4
5627,4
5618,4
5612,4
6723,4
7309,4
2380,4
5597,4
3873,4
5594,4
3484,4
2386,4
3251,4
7352,4
7310,4
5654,4
5801,4
3502,4
2314,4
3505,4
2320,4
2324,4
3278,4
5779,4
5768,4
8219,4
5722,4
7308,4
5719,4
5715,4
2345,4
5709,4
3270,4
5689,4
8392,4
5679,4
2240,4
7098,4
3356,4
3545,4
3603,4
8332,4
6853,4
3379,4
9090,4
6292,4
6290,4
6975,4
6978,4
6343,4
3635,4
2132,4
6839,4
8443,4
2137,4
3646,4
6985,4
6256,4
6338,4
3394,4
8312,4
2055,4
6449,4
3582,4
8421,4
6423,4
3416,4
6421,4
6411,4
6896,4
6404,4
3601,4
6398,4
6393,4
2079,4
6913,4
2096,4
6916,4
3597,4
8431,4
2149,4
6244,4
2032,4
7078,4
6126,4
8293,4
8290,4
6107,4
6569,4
7062,4
6095,4
3702,4
6056,4
6130,4
6577,4
6047,4
2213,4
6045,4
2224,4
2229,4
7095,4
2230,4
7051,4
6153,4
3536,4
6180,4
3668,4
6526,4
3362,4
7012,4
6205,4
8306,4
6549,4
3533,4
6566,4
2180,4
2001,4
2168,4
9098,4
1996,4
3685,4
9022,4
6178,4
5566,4
3890,4
4313,4
2408,4
4662,4
2794,4
2798,4
4710,4
4207,4
8608,4
4680,4
7796,4
4673,4
8732,4
4208,4
2821,4
8034,4
3064,4
7809,4
4641,4
2851,4
3060,4
2854,4
4212,4
4625,4
2863,4
8703,4
4712,4
3075,4
3137,4
8765,4
2724,4
4896,4
4892,4
3110,4
3105,4
4838,4
4836,4
4150,4
7715,4
4825,4
8048,4
4754,4
4171,4
3096,4
4802,4
2767,4
8600,4
8755,4
4788,4
4178,4
4774,4
8751,4
2866,4
4614,4
8019,4
3019,4
2944,4
3034,4
8006,4
4256,4
4420,4
3024,4
4265,4
7919,4
4382,4
8651,4
7934,4
2882,4
7940,4
4358,4
4357,4
4353,4
4340,4
7952,4
2998,4
7957,4
8638,4
4319,4
4441,4
4447,4
3035,4
4465,4
2891,4
4577,4
4575,4
7845,4
7846,4
3048,4
7854,4
4545,4
2911,4
2912,4
4529,4
8018,4
7867,4
4521,4
3045,4
3036,4
4220,4
4503,4
4494,4
4480,4
4471,4
8075,4
3138,4
5558,4
3207,4
5361,4
3230,4
5355,4
3946,4
3953,4
5343,4
5326,4
5324,4
8534,4
3958,4
7484,4
7465,4
8152,4
5298,4
8848,4
7493,4
7494,4
5276,4
3981,4
2574,4
5257,4
2575,4
5362,4
7462,4
4947,4
8188,4
2425,4
3892,4
7363,4
7364,4
7365,4
7366,4
8513,4
3901,4
7395,4
5490,4
2467,4
7458,4
2468,4
8182,4
5413,4
5411,4
2476,4
2478,4
8169,4
7449,4
5389,4
2489,4
8842,4
5251,4
5249,4
5017,4
5086,4
7605,4
4035,4
4046,4
2679,4
4066,4
5046,4
3480,4
5032,4
5026,4
5008,4
5239,4
5000,4
4997,4
3159,4
3158,4
4081,4
7654,4
7655,4
4089,4
7659,4
4097,4
7586,4
3181,4
5133,4
2651,4
5235,4
2600,4
2605,4
5227,4
5225,4
4016,4
7526,4
5214,4
7534,4
4020,4
8817,4
5189,4
2635,4
5183,4
4024,4
5157,4
7562,4
2645,4
4030,4
8115,4
7566,4
7374,4
1,4
9197,4
622,4
455,4
9156,4
1504,4
260,4
1023,4
977,4
1120,4
544,4
1665,4
1828,4
451,4
1726,4
721,4
1017,4
207,4
623,4
170,4
1604,4
1491,4
1038,4
1602,4
967,4
1215,4
128,4
1356,4
1248,4
315,4
1497,4
1605,4
28,4
971,4
805,4
678,4
1349,4
1385,4
790,4
180,4
1004,4
1742,4
1631,4
1186,4
1149,4
990,4
1534,4
487,4
1334,4
1862,4
83,4
187,4
9268,4
1650,4
712,4
9308,4
238,4
1769,4
171,4
1556,4
1228,4
1428,4
1012,4
919,4
597,4
1441,4
1652,4
1440,4
1439,4
1623,4
95,4
1678,4
1669,4
279,4
320,4
1707,4
69,4
9363,4
508,4
641,4
22,4
942,4
1123,4
1132,4
219,4
1070,4
400,4
296,4
155,4
828,4
321,4
947,4
1268,4
1704,4
12,4
278,4
578,4
323,4
742,4
1588,4
1805,4
71,4
1796,4
223,4
3,4
9204,4
1418,4
1856,4
1048,4
1315,4
1278,4
533,4
737,4
1329,4
331,4
1162,4
1423,4
1375,4
1684,4
1571,4
1819,4
1046,4
1569,4
959,4
122,4
6942,3
1625,3
1630,3
6366,3
4446,3
914,3
484,3
5755,3
146,3
1400,3
5764,3
6096,3
6334,3
2675,3
2688,3
3952,3
6333,3
2677,3
4443,3
949,3
5489,3
7885,3
6934,3
6368,3
950,3
5753,3
1632,3
7396,3
2681,3
5763,3
8788,3
1622,3
8768,3
7067,3
1618,3
5499,3
3277,3
1615,3
7888,3
2722,3
931,3
7070,3
2751,3
2726,3
4437,3
7385,3
2730,3
3279,3
3972,3
4438,3
2715,3
8780,3
2750,3
1411,3
6090,3
5510,3
2704,3
4474,3
6094,3
4424,3
6337,3
477,3
9276,3
8784,3
3287,3
6093,3
8760,3
5508,3
7399,3
3272,3
3322,3
5766,3
3885,3
6043,3
4628,3
6881,3
3891,3
4619,3
2549,3
8194,3
5419,3
4613,3
7825,3
9250,3
5791,3
4608,3
3352,3
4603,3
5425,3
3351,3
8191,3
371,3
4597,3
7092,3
5789,3
8843,3
9255,3
8189,3
4579,3
6416,3
5796,3
1372,3
8794,3
4638,3
4668,3
6458,3
4665,3
8882,3
7802,3
6455,3
8879,3
4661,3
116,3
4659,3
8203,3
5805,3
2511,3
118,3
4654,3
3872,3
3876,3
8199,3
6444,3
2521,3
273,3
4646,3
1692,3
3881,3
5798,3
6877,3
1368,3
7423,3
2584,3
3340,3
1158,3
2628,3
2629,3
4535,3
3929,3
8814,3
6945,3
7248,3
5774,3
5465,3
9370,3
5467,3
8807,3
1646,3
2647,3
5769,3
4517,3
5476,3
2655,3
6912,3
8800,3
3308,3
2660,3
7873,3
7252,3
5480,3
8481,3
2665,3
7860,3
3928,3
4538,3
6898,3
2589,3
7419,3
8185,3
6409,3
6408,3
4563,3
2598,3
8181,3
1663,3
7415,3
7242,3
7244,3
4556,3
5460,3
491,3
4552,3
5456,3
9261,3
882,3
8175,3
7855,3
7856,3
4542,3
6903,3
2621,3
7857,3
4417,3
3637,3
5748,3
2987,3
5703,3
7335,3
5609,3
4227,3
3175,3
2999,3
204,3
1025,3
6137,3
8554,3
6214,3
6138,3
3010,3
5614,3
428,3
4210,3
6140,3
1031,3
4064,3
7324,3
7323,3
6143,3
3165,3
424,3
8032,3
3028,3
8626,3
2989,3
2986,3
2778,3
6133,3
1007,3
6248,3
6994,3
4034,3
8665,3
2951,3
7988,3
441,3
438,3
4037,3
7995,3
1098,3
6239,3
8112,3
3193,3
7998,3
8001,3
5603,3
7002,3
4243,3
7050,3
1018,3
2979,3
6227,3
4238,3
6226,3
4051,3
4190,3
1448,3
6201,3
4074,3
8057,3
3083,3
4142,3
220,3
1454,3
8602,3
6173,3
1063,3
3094,3
4100,3
1064,3
403,3
8079,3
3100,3
3101,3
8595,3
1467,3
1465,3
4104,3
8580,3
3128,3
5669,3
6161,3
3125,3
5661,3
5664,3
7304,3
4093,3
412,3
5680,3
420,3
233,3
4181,3
8038,3
210,3
5631,3
7042,3
4176,3
1045,3
4168,3
8616,3
3055,3
211,3
3059,3
3076,3
3149,3
5639,3
3062,3
399,3
6186,3
8610,3
4159,3
6183,3
5641,3
225,3
216,3
1473,3
4280,3
2937,3
7975,3
983,3
1566,3
7060,3
4372,3
7937,3
2825,3
6962,3
3239,3
8726,3
4001,3
4361,3
6964,3
6295,3
6966,3
6111,3
2841,3
6968,3
6112,3
2845,3
7943,3
4351,3
5737,3
6970,3
2850,3
1561,3
8709,3
5557,3
7945,3
5544,3
7931,3
7061,3
6318,3
7379,3
158,3
2782,3
1581,3
6099,3
3638,3
4411,3
6100,3
1415,3
4405,3
5526,3
7376,3
5744,3
163,3
6316,3
8138,3
7265,3
2800,3
1126,3
3994,3
4392,3
2805,3
5535,3
7925,3
2495,3
3998,3
5559,3
985,3
389,3
1117,3
2902,3
8684,3
1430,3
8683,3
4309,3
7351,3
2909,3
1542,3
1541,3
4305,3
2914,3
4304,3
4303,3
2917,3
4302,3
1002,3
189,3
5578,3
1003,3
239,3
9356,3
8674,3
4294,3
4025,3
7974,3
2932,3
6253,3
998,3
2899,3
6264,3
2881,3
1429,3
9505,3
4011,3
2870,3
3222,3
5730,3
7271,3
9558,3
8698,3
9835,3
447,3
2880,3
4324,3
7354,3
8695,3
2885,3
7961,3
5569,3
2888,3
2889,3
4320,3
386,3
183,3
8530,3
7963,3
9915,3
1697,3
121,3
7448,3
9748,3
5241,3
9177,3
3543,3
4990,3
5242,3
7643,3
9029,3
7188,3
3720,3
7648,3
7650,3
2158,3
2159,3
9444,3
1868,3
6607,3
719,3
1839,3
6605,3
2170,3
7656,3
7134,3
1220,3
2178,3
299,3
9190,3
2182,3
5255,3
5880,3
5964,3
6622,3
705,3
2106,3
9047,3
5022,3
9169,3
3707,3
5020,3
2114,3
3555,3
698,3
5016,3
8365,3
602,3
699,3
7634,3
49,3
50,3
3552,3
6629,3
6628,3
5884,3
52,3
9036,3
2134,3
5167,3
7185,3
1851,3
6624,3
2184,3
8269,3
732,3
5984,3
7681,3
9202,3
745,3
5279,3
6574,3
342,3
6800,3
7685,3
6802,3
3774,3
2252,3
5989,3
291,3
8246,3
2258,3
7211,3
72,3
3491,3
8245,3
4889,3
7214,3
7695,3
3487,3
1326,3
4883,3
3786,3
2276,3
2235,3
1808,3
3525,3
5983,3
1216,3
1312,3
7666,3
6594,3
2195,3
733,3
6794,3
5976,3
3751,3
7205,3
3516,3
3515,3
5268,3
66,3
1815,3
8255,3
5855,3
4930,3
5391,3
2219,3
7501,3
4924,3
4923,3
2225,3
2226,3
4920,3
8249,3
3559,3
608,3
3481,3
16,3
6702,3
7549,3
329,3
1980,3
1275,3
3618,3
7571,3
3616,3
6697,3
5928,3
1990,3
5126,3
6743,3
1999,3
1234,3
316,3
5115,3
5185,3
8338,3
6686,3
8307,3
2008,3
24,3
6684,3
3665,3
3602,3
7175,3
7542,3
1975,3
3649,3
1973,3
7164,3
1937,3
6725,3
4,3
632,3
6721,3
9129,3
6720,3
8,3
6718,3
11,3
6732,3
5159,3
3644,3
6733,3
7561,3
7552,3
5153,3
5152,3
8326,3
1961,3
1263,3
1922,3
14,3
1966,3
5147,3
328,3
1917,3
2017,3
5104,3
8340,3
5206,3
6656,3
1244,3
9160,3
618,3
5058,3
333,3
7615,3
2075,3
6764,3
9059,3
1873,3
5216,3
8292,3
8291,3
3697,3
5045,3
6648,3
7620,3
5041,3
2090,3
5220,3
7623,3
5037,3
6642,3
9165,3
7144,3
2098,3
5945,3
3579,3
5101,3
5944,3
5904,3
6749,3
2026,3
5098,3
3595,3
7591,3
665,3
8305,3
5938,3
6753,3
9081,3
6671,3
34,3
1287,3
6756,3
7537,3
5081,3
1247,3
35,3
6758,3
5077,3
8298,3
7153,3
8350,3
672,3
1288,3
3683,3
9460,3
2218,3
3121,3
5360,3
1178,3
4808,3
3408,3
8907,3
1344,3
5331,3
5332,3
4792,3
2444,3
8950,3
3400,3
8414,3
2370,3
1737,3
5334,3
7773,3
7736,3
6840,3
1179,3
7738,3
282,3
2352,3
5321,3
5826,3
6536,3
2332,3
1335,3
2334,3
6023,3
8902,3
9650,3
6534,3
6828,3
7479,3
3403,3
7231,3
4716,3
804,3
7222,3
3817,3
4820,3
3449,3
7723,3
5335,3
3435,3
2381,3
2398,3
7746,3
6490,3
3839,3
4743,3
1352,3
1353,3
4762,3
7471,3
4759,3
3417,3
100,3
5351,3
7752,3
7111,3
807,3
2411,3
3422,3
2413,3
8420,3
2399,3
2396,3
3434,3
2427,3
6842,3
4732,3
811,3
4781,3
6855,3
4738,3
798,3
6011,3
7742,3
2433,3
2432,3
9233,3
5817,3
4772,3
8215,3
3844,3
5353,3
8915,3
4770,3
1760,3
7228,3
4856,3
576,3
8978,3
4676,3
4853,3
4866,3
3468,3
4691,3
1766,3
517,3
1765,3
1176,3
2292,3
766,3
1331,3
4697,3
9222,3
5387,3
4689,3
2316,3
3798,3
9217,3
8204,3
112,3
4859,3
1702,3
5386,3
758,3
3861,3
1771,3
3473,3
4863,3
111,3
2474,3
6550,3
774,3
3792,3
3393,3
7700,3
77,3
8981,3
5293,3
1783,3
4844,3
1332,3
524,3
4842,3
8886,3
348,3
3855,3
3807,3
2460,3
3478,3
6556,3
8433,3
830,3
9387,3
3803,3
2317,3
8403,3
280,3
2289,3
3903,2
393,2
5670,2
8304,2
1174,2
8099,2
3904,2
3681,2
1159,2
1175,2
1092,2
8102,2
4110,2
3842,2
5702,2
3899,2
4109,2
5704,2
326,2
5814,2
3672,2
5901,2
1264,2
9485,2
7302,2
3641,2
4061,2
5700,2
3884,2
3669,2
5794,2
8308,2
7171,2
7237,2
8309,2
4091,2
397,2
3880,2
4078,2
7295,2
8206,2
3659,2
1255,2
5682,2
5683,2
9525,2
3889,2
3854,2
8196,2
1259,2
1261,2
5911,2
3883,2
8313,2
8209,2
7291,2
4103,2
5693,2
7229,2
3862,2
3846,2
3860,2
5804,2
396,2
5792,2
5672,2
5673,2
7300,2
8097,2
5675,2
4070,2
9429,2
357,2
369,2
3859,2
3894,2
3664,2
4071,2
7290,2
8205,2
7230,2
7294,2
7259,2
4049,2
8262,2
9466,2
381,2
8159,2
3956,2
7255,2
3745,2
3959,2
8275,2
9465,2
7206,2
3759,2
5740,2
5760,2
1134,2
3954,2
8266,2
3739,2
7193,2
4002,2
3809,2
3734,2
3732,2
3731,2
8232,2
8273,2
8231,2
336,2
3950,2
5736,2
5734,2
1141,2
8135,2
5854,2
3962,2
3795,2
8240,2
7258,2
9459,2
8239,2
3979,2
5751,2
3780,2
8149,2
3777,2
5847,2
7260,2
5839,2
5848,2
3970,2
378,2
3799,2
3797,2
3969,2
1133,2
3771,2
3770,2
379,2
3769,2
8153,2
3965,2
3987,2
5758,2
7264,2
1210,2
5759,2
350,2
7269,2
5708,2
7276,2
1155,2
1102,2
7245,2
5892,2
7277,2
5890,2
8176,2
5829,2
4029,2
5840,2
7226,2
5889,2
9439,2
3834,2
1101,2
3693,2
9847,2
8114,2
3840,2
8294,2
1241,2
9435,2
8183,2
3687,2
5714,2
5713,2
7239,2
391,2
4045,2
392,2
5788,2
1233,2
3705,2
9510,2
9471,2
1142,2
5828,2
3818,2
9836,2
8163,2
8164,2
8225,2
8165,2
5881,2
5825,2
8281,2
1189,2
7251,2
3824,2
5773,2
9840,2
5821,2
8171,2
5723,2
5886,2
3933,2
5887,2
3830,2
5776,2
1181,2
1107,2
8287,2
387,2
355,2
5888,2
3922,2
9136,2
5666,2
4806,2
9680,2
7705,2
7706,2
4861,2
4860,2
9677,2
9676,2
4852,2
573,2
7486,2
7485,2
9758,2
7713,2
5308,2
7482,2
776,2
4833,2
9668,2
566,2
7480,2
4827,2
7720,2
778,2
4824,2
780,2
4821,2
785,2
560,2
9765,2
5296,2
5295,2
752,2
5285,2
4922,2
4918,2
4917,2
7677,2
7678,2
582,2
4909,2
7684,2
7495,2
7688,2
4901,2
4900,2
5282,2
9754,2
7698,2
4894,2
5287,2
5289,2
5290,2
4888,2
4886,2
9683,2
7696,2
4881,2
7697,2
4879,2
4878,2
4877,2
4809,2
7728,2
7806,2
791,2
4726,2
4723,2
5363,2
4720,2
7466,2
5365,2
816,2
7781,2
9651,2
9649,2
820,2
527,2
4703,2
4702,2
522,2
7460,2
4699,2
520,2
5378,2
4693,2
4686,2
4685,2
7792,2
5383,2
7451,2
4672,2
835,2
5397,2
4657,2
814,2
4730,2
7768,2
5340,2
7729,2
7475,2
7732,2
4791,2
4790,2
4789,2
7737,2
5336,2
4782,2
7740,2
548,2
7743,2
5339,2
7745,2
7765,2
4768,2
5341,2
7749,2
801,2
7750,2
5345,2
7754,2
5347,2
5349,2
543,2
7762,2
810,2
7763,2
4927,2
7502,2
4931,2
7672,2
7544,2
7583,2
7584,2
659,2
660,2
7588,2
9723,2
5100,2
624,2
7590,2
5191,2
5194,2
7539,2
5196,2
5087,2
667,2
670,2
5079,2
9737,2
7603,2
7533,2
5073,2
7606,2
7607,2
7532,2
7609,2
5064,2
7530,2
681,2
5112,2
5113,2
7581,2
5141,2
7556,2
5164,2
7557,2
5161,2
5158,2
7554,2
7553,2
7564,2
638,2
5146,2
643,2
5144,2
9731,2
5140,2
7580,2
628,2
7569,2
7570,2
5135,2
5177,2
7572,2
5180,2
7576,2
5125,2
7577,2
5182,2
7578,2
5119,2
7528,2
5055,2
5054,2
587,2
4974,2
9699,2
9698,2
4968,2
723,2
4966,2
7658,2
4962,2
4961,2
4960,2
5256,2
730,2
5259,2
7505,2
5248,2
5262,2
5263,2
4946,2
4945,2
4944,2
4943,2
734,2
5265,2
5266,2
7669,2
7503,2
4935,2
5269,2
7509,2
595,2
617,2
5024,2
5215,2
7527,2
686,2
612,2
5044,2
7525,2
5036,2
7624,2
690,2
610,2
5030,2
7627,2
5025,2
5021,2
4991,2
5019,2
697,2
603,2
9745,2
5006,2
7635,2
703,2
599,2
4999,2
706,2
7640,2
709,2
2,2
9635,2
7807,2
9531,2
4240,2
4317,2
5573,2
4311,2
7350,2
4300,2
7971,2
5579,2
4293,2
4289,2
7978,2
443,2
4279,2
4276,2
7984,2
5589,2
5590,2
1009,2
1011,2
5592,2
5593,2
4261,2
4259,2
437,2
1014,2
1015,2
1016,2
4246,2
8003,2
8004,2
997,2
5570,2
448,2
453,2
5532,2
7918,2
5534,2
957,2
9568,2
7927,2
5541,2
5542,2
964,2
5548,2
970,2
4363,2
5551,2
978,2
7956,2
452,2
9808,2
4348,2
4347,2
5561,2
4338,2
4336,2
4335,2
987,2
5564,2
4332,2
5565,2
9135,2
8005,2
1019,2
4651,2
5604,2
1044,2
4167,2
9818,2
5640,2
4156,2
5644,2
4152,2
5648,2
8054,2
9536,2
5650,2
4139,2
4138,2
8059,2
4136,2
5655,2
8063,2
407,2
5658,2
5659,2
1065,2
4125,2
4124,2
4123,2
8067,2
7306,2
4120,2
7305,2
1066,2
4172,2
4173,2
4174,2
4216,2
1020,2
5605,2
4234,2
1021,2
4232,2
5606,2
7334,2
7333,2
1022,2
8016,2
7331,2
4218,2
9549,2
7328,2
7318,2
1033,2
4201,2
8027,2
8029,2
5628,2
4194,2
9542,2
4188,2
8033,2
1041,2
4185,2
1042,2
8037,2
5531,2
4396,2
4397,2
4398,2
7831,2
7432,2
4588,2
4583,2
4582,2
5440,2
4573,2
4572,2
494,2
4569,2
7417,2
7844,2
5449,2
493,2
4559,2
4558,2
5452,2
7413,2
7853,2
4546,2
4541,2
7409,2
5462,2
7408,2
9796,2
9605,2
4530,2
7863,2
7407,2
4595,2
861,2
7435,2
7441,2
4650,2
7808,2
5401,2
506,2
4644,2
5403,2
7813,2
9632,2
5404,2
845,2
4634,2
847,2
849,2
504,2
4599,2
4626,2
9627,2
5412,2
5415,2
499,2
4617,2
4615,2
4612,2
4609,2
7436,2
5424,2
4601,2
4600,2
890,2
5470,2
891,2
943,2
5506,2
7384,2
4452,2
4451,2
936,2
7897,2
5511,2
5512,2
937,2
4440,2
9577,2
4435,2
4434,2
7380,2
4460,2
944,2
5518,2
5520,2
948,2
5521,2
7907,2
4415,2
4413,2
472,2
9572,2
954,2
5528,2
4400,2
478,2
4463,2
5471,2
909,2
4518,2
7404,2
4512,2
486,2
485,2
5479,2
4505,2
7875,2
9594,2
9593,2
4499,2
5485,2
5488,2
4489,2
4464,2
7882,2
913,2
7884,2
4483,2
4481,2
7886,2
480,2
4475,2
7392,2
4472,2
925,2
7887,2
9583,2
4412,2
5166,2
7167,2
8798,2
6919,2
2690,2
2684,2
2680,2
1634,2
8790,2
6915,2
6373,2
8793,2
2669,2
144,2
6376,2
2663,2
2661,2
6378,2
8819,2
1641,2
2652,2
1642,2
8804,2
6383,2
8806,2
1647,2
6906,2
8811,2
140,2
2634,2
6904,2
6390,2
1653,2
2692,2
1626,2
8787,2
147,2
6938,2
8763,2
6341,2
1595,2
154,2
9283,2
2746,2
6346,2
152,2
151,2
6931,2
2738,2
1606,2
6352,2
8774,2
9280,2
1608,2
1609,2
1611,2
1613,2
8777,2
8779,2
2713,2
6360,2
148,2
6363,2
2703,2
2702,2
2700,2
6392,2
2622,2
8757,2
8870,2
6430,2
8858,2
2544,2
2542,2
8862,2
6879,2
9248,2
8864,2
2534,2
6437,2
2532,2
6438,2
2528,2
8868,2
9940,2
6394,2
2520,2
6447,2
2512,2
2508,2
2505,2
2498,2
2497,2
9241,2
6460,2
2490,2
113,2
1701,2
6869,2
8890,2
6884,2
2551,2
8852,2
6885,2
8823,2
2616,2
135,2
2612,2
2610,2
2609,2
1660,2
2604,2
8829,2
130,2
1666,2
129,2
1668,2
6412,2
6417,2
8841,2
2576,2
9254,2
1674,2
2572,2
1677,2
2566,2
2565,2
2564,2
8846,2
126,2
1679,2
2559,2
6425,2
8759,2
2769,2
6196,2
1520,2
2984,2
1512,2
2981,2
2977,2
2975,2
2973,2
6231,2
6234,2
7001,2
1519,2
2966,2
7000,2
8656,2
2956,2
195,2
1536,2
1521,2
2952,2
1522,2
2948,2
6245,2
2945,2
1525,2
6993,2
1526,2
8670,2
6991,2
1529,2
6990,2
1535,2
6224,2
7006,2
201,2
6221,2
6197,2
3042,2
3041,2
3040,2
3039,2
3038,2
1490,2
3033,2
3032,2
3027,2
6206,2
6207,2
7016,2
3020,2
9331,2
3017,2
6210,2
8632,2
8633,2
3012,2
3007,2
1503,2
3004,2
3002,2
8640,2
8641,2
6218,2
7009,2
2994,2
2929,2
8677,2
2771,2
2804,2
6288,2
8716,2
166,2
8723,2
8725,2
2827,2
8731,2
6302,2
6959,2
8733,2
6958,2
6305,2
2809,2
6310,2
2803,2
1537,2
8742,2
6315,2
2797,2
6952,2
6319,2
9296,2
2790,2
6951,2
9293,2
2779,2
6327,2
6944,2
6943,2
6941,2
8713,2
9306,2
8712,2
6969,2
2919,2
2918,2
6986,2
1540,2
6260,2
1543,2
1544,2
2907,2
2904,2
9316,2
6267,2
6270,2
2890,2
8693,2
8694,2
2883,2
8696,2
6274,2
2873,2
2871,2
2869,2
6277,2
2867,2
1554,2
6278,2
8704,2
175,2
8707,2
2855,2
2483,2
2480,2
6470,2
46,2
2135,2
2128,2
2124,2
9041,2
9171,2
1859,2
6634,2
9043,2
6635,2
9045,2
1863,2
9046,2
47,2
2107,2
6638,2
2072,2
2102,2
2101,2
2097,2
6769,2
9051,2
6643,2
6768,2
44,2
2087,2
9057,2
2083,2
2081,2
2080,2
6765,2
2141,2
2142,2
6620,2
6619,2
6590,2
2203,2
9012,2
9013,2
1822,2
2196,2
6793,2
6596,2
9017,2
2189,2
2187,2
2185,2
9019,2
2175,2
58,2
2173,2
1832,2
9187,2
2169,2
6788,2
6786,2
9025,2
6610,2
2156,2
6615,2
6781,2
6780,2
2148,2
6618,2
9060,2
9062,2
6475,2
1970,2
2000,2
6691,2
9146,2
6744,2
1993,2
9103,2
6699,2
9106,2
9143,2
9142,2
1913,2
1914,2
6738,2
6705,2
1918,2
2070,2
1967,2
1964,2
9112,2
6708,2
6710,2
6736,2
6734,2
1923,2
9120,2
9121,2
9125,2
5,2
6727,2
1929,2
2004,2
6687,2
2007,2
1902,2
6653,2
6654,2
2067,2
41,2
2061,2
2060,2
2059,2
2057,2
1877,2
36,2
2053,2
1880,2
9075,2
6665,2
2046,2
6666,2
9158,2
9084,2
9154,2
1888,2
2030,2
1889,2
6680,2
2021,2
9151,2
1895,2
1896,2
1898,2
2013,2
9196,2
2209,2
2211,2
1733,2
104,2
6496,2
1725,2
2407,2
8931,2
8932,2
2400,2
8935,2
8936,2
1728,2
8937,2
6506,2
1730,2
2385,2
6841,2
2214,2
2379,2
6512,2
2377,2
6516,2
2369,2
6518,2
2366,2
2365,2
6519,2
6836,2
8953,2
8954,2
6528,2
8959,2
2417,2
6494,2
2419,2
6851,2
6860,2
6477,2
8900,2
1712,2
9234,2
2461,2
6478,2
2458,2
6479,2
2455,2
2454,2
1715,2
6480,2
2451,2
2450,2
2449,2
6858,2
2442,2
2441,2
8910,2
6856,2
1719,2
1722,2
2434,2
2431,2
1723,2
106,2
2422,2
8920,2
2348,2
2347,2
1752,2
2280,2
2278,2
73,2
1786,2
6812,2
2270,2
2269,2
2266,2
9210,2
2262,2
8993,2
1793,2
9207,2
2251,2
1797,2
1801,2
8999,2
1803,2
1806,2
2237,2
2236,2
1807,2
68,2
6578,2
6580,2
2227,2
2223,2
2221,2
6583,2
6586,2
74,2
2282,2
1753,2
6815,2
6830,2
2341,2
1755,2
2339,2
2338,2
1756,2
2331,2
1759,2
6537,2
6826,2
2325,2
1761,2
6539,2
6824,2
9223,2
2319,2
8972,2
6542,2
82,2
1770,2
2303,2
8975,2
6819,2
8976,2
9214,2
1778,2
2291,2
78,2
1780,2
3046,2
8745,2
1484,2
1417,2
3250,2
6105,2
3248,2
1420,2
8514,2
248,2
9404,2
3503,2
3237,2
8520,2
8521,2
5982,2
3231,2
8386,2
3229,2
7057,2
3225,2
6116,2
3509,2
3494,2
6104,2
8562,2
8394,2
3288,2
6081,2
3284,2
3476,2
8398,2
5995,2
6086,2
8397,2
1409,2
7068,2
1327,2
3274,2
3268,2
8502,2
287,2
3489,2
3490,2
7123,2
7064,2
3221,2
5980,2
7128,2
8528,2
1443,2
3527,2
8545,2
8546,2
7049,2
8548,2
9354,2
3180,2
8551,2
9409,2
1305,2
8374,2
3176,2
3537,2
1301,2
1300,2
6142,2
3544,2
3164,2
297,2
8543,2
3190,2
3206,2
3513,2
1313,2
3218,2
3518,2
3212,2
3209,2
5977,2
1433,2
1437,2
8542,2
3203,2
3201,2
6124,2
6127,2
3520,2
8380,2
1310,2
6129,2
8493,2
3471,2
1403,2
8465,2
6049,2
3346,2
6053,2
3399,2
3343,2
3407,2
8427,2
3342,2
6017,2
6016,2
3341,2
3339,2
262,2
6057,2
8423,2
9374,2
6012,2
1392,2
3420,2
3350,2
9386,2
1384,2
3367,2
9382,2
6036,2
3380,2
6038,2
6032,2
3372,2
3371,2
6040,2
3384,2
266,2
6041,2
8439,2
8438,2
9381,2
9380,2
268,2
3390,2
1381,2
8419,2
8418,2
7121,2
9394,2
3310,2
1340,2
8480,2
8484,2
7116,2
3302,2
8485,2
8409,2
8408,2
8487,2
6076,2
3461,2
253,2
6001,2
8404,2
3467,2
9369,2
3469,2
9368,2
8477,2
3448,2
8476,2
6065,2
1350,2
3429,2
1348,2
9373,2
1346,2
3437,2
9372,2
3440,2
6066,2
3447,2
7113,2
257,2
8413,2
6070,2
3444,2
1342,2
3314,2
3446,2
3162,2
7099,2
3547,2
3082,2
312,2
1282,2
3081,2
1472,2
8581,2
6177,2
3604,2
3132,2
3133,2
3571,2
3135,2
3136,2
1456,2
1455,2
3605,2
7147,2
7158,2
8346,2
8576,2
3569,2
3568,2
311,2
3141,2
6157,2
3072,2
8360,2
3070,2
1276,2
1478,2
8354,2
3084,2
5955,2
3123,2
9347,2
3587,2
9348,2
5939,2
3099,2
3107,2
313,2
9346,2
1285,2
3109,2
1460,2
9345,2
1459,2
3093,2
8588,2
3116,2
7152,2
8586,2
6174,2
1284,2
3596,2
1291,2
6175,2
6165,2
8601,2
1471,2
1283,2
6164,2
3086,2
6155,2
3609,2
7140,2
1449,2
7028,2
8329,2
1267,2
6148,2
3052,2
3622,2
6192,2
8324,2
8331,2
3056,2
6184,2
6146,2
1450,2
3558,2
6150,2
7022,2
3146,2
3626,2
3561,2
6149,2
324,2
8571,2
7546,1
6730,1
7545,1
6823,1
7487,1
9848,1
9770,1
9756,1
6848,1
7114,1
7483,1
9950,1
9736,1
9757,1
9759,1
7102,1
6745,1
7223,1
9849,1
7166,1
6822,1
6825,1
6847,1
7472,1
7555,1
7107,1
9845,1
7101,1
7120,1
7177,1
9980,1
7218,1
7490,1
7100,1
7176,1
6816,1
7489,1
7219,1
7119,1
7169,1
7488,1
6818,1
7118,1
9949,1
7221,1
9844,1
9958,1
7117,1
9771,1
6850,1
6849,1
7155,1
7115,1
9981,1
6820,1
9755,1
6846,1
6821,1
9982,1
9859,1
7156,1
9767,1
9954,1
7476,1
7160,1
9951,1
7110,1
6835,1
9955,1
9872,1
9860,1
7232,1
9956,1
9766,1
6833,1
9957,1
6739,1
9873,1
7481,1
9983,1
9846,1
9952,1
7108,1
7106,1
9953,1
7173,1
7109,1
7174,1
9769,1
7550,1
7161,1
7474,1
9768,1
6737,1
6832,1
9764,1
9763,1
6742,1
6741,1
6829,1
7103,1
7157,1
7163,1
9871,1
9874,1
6740,1
9760,1
7225,1
6827,1
6735,1
7112,1
7170,1
7547,1
9761,1
9735,1
6845,1
9984,1
7104,1
9734,1
6844,1
9762,1
7172,1
7478,1
7477,1
6843,1
7473,1
7548,1
6831,1
7162,1
7543,1
6804,1
7217,1
7197,1
7511,1
7529,1
9968,1
7512,1
7198,1
7513,1
7145,1
7143,1
9861,1
6784,1
7196,1
6779,1
9973,1
7514,1
7195,1
6778,1
9862,1
9969,1
9967,1
9855,1
6789,1
6787,1
7129,1
7508,1
7204,1
7203,1
7202,1
9854,1
7201,1
9975,1
7184,1
9747,1
9966,1
9749,1
7531,1
6763,1
7200,1
9974,1
7199,1
6785,1
9746,1
7194,1
7516,1
9864,1
7139,1
7189,1
9744,1
6767,1
7135,1
9743,1
9742,1
7136,1
6771,1
9739,1
9741,1
6770,1
7523,1
9865,1
7187,1
7137,1
7524,1
9972,1
7190,1
9857,1
7191,1
7192,1
6775,1
7517,1
7130,1
9740,1
9863,1
7141,1
9970,1
7131,1
7518,1
7132,1
7519,1
9856,1
7520,1
7521,1
9971,1
7133,1
6766,1
7507,1
7234,1
7216,1
7497,1
9979,1
7496,1
6801,1
6751,1
9978,1
9852,1
9858,1
7541,1
9959,1
6803,1
9752,1
7180,1
9868,1
9853,1
7213,1
7212,1
6799,1
7498,1
7122,1
9869,1
6790,1
6807,1
7491,1
6811,1
6810,1
7178,1
6809,1
6746,1
7179,1
6808,1
6747,1
9753,1
6806,1
7492,1
9850,1
9870,1
6805,1
7154,1
7186,1
9851,1
7499,1
6798,1
7540,1
7208,1
9963,1
7535,1
7504,1
7210,1
7148,1
6759,1
6795,1
7209,1
7207,1
7500,1
9964,1
7183,1
6792,1
6791,1
6761,1
7506,1
9750,1
9738,1
7149,1
7536,1
7127,1
9962,1
7181,1
9751,1
6797,1
9977,1
9976,1
6755,1
6796,1
6757,1
9960,1
7538,1
7124,1
9867,1
7126,1
7182,1
7150,1
9961,1
9866,1
9965,1
6870,1
9843,1
7272,1
9923,1
9807,1
7287,1
6961,1
9806,1
7367,1
6960,1
7368,1
7286,1
7045,1
7046,1
7285,1
7369,1
9893,1
6956,1
9924,1
6955,1
7370,1
9805,1
9804,1
7373,1
7047,1
9803,1
9922,1
7289,1
9921,1
7358,1
9916,1
7297,1
9917,1
6977,1
7041,1
6976,1
7296,1
9895,1
9894,1
9918,1
9830,1
6967,1
7359,1
7360,1
9919,1
9809,1
6973,1
7293,1
6972,1
7362,1
9920,1
7044,1
6954,1
9925,1
9831,1
7275,1
7052,1
9799,1
7382,1
7278,1
7383,1
6937,1
6936,1
7053,1
6932,1
9833,1
7054,1
6939,1
7055,1
9890,1
6930,1
6929,1
7386,1
7387,1
6928,1
9834,1
9930,1
7388,1
7381,1
9832,1
7048,1
6950,1
9802,1
9926,1
9927,1
9801,1
7282,1
7375,1
7168,1
7281,1
7377,1
7378,1
6949,1
9929,1
6948,1
6947,1
6946,1
7280,1
7279,1
9892,1
6940,1
9928,1
9891,1
9800,1
7040,1
9810,1
9829,1
9815,1
7014,1
7329,1
9816,1
7330,1
7030,1
7013,1
9903,1
9822,1
7312,1
9899,1
9898,1
9821,1
9904,1
9814,1
7311,1
9905,1
9823,1
9824,1
9906,1
9907,1
9825,1
9908,1
7313,1
7327,1
9826,1
9820,1
9817,1
7023,1
7021,1
7024,1
7319,1
7025,1
7020,1
7019,1
7026,1
9819,1
7018,1
7326,1
7320,1
9901,1
7017,1
9902,1
7321,1
9900,1
7322,1
7015,1
7314,1
7325,1
7004,1
7003,1
7298,1
7037,1
9911,1
7036,1
9812,1
7349,1
7303,1
9912,1
6988,1
9896,1
9913,1
6987,1
7038,1
7347,1
7039,1
9811,1
7353,1
9914,1
6983,1
7299,1
7355,1
6982,1
9828,1
6981,1
7348,1
7346,1
7031,1
9909,1
7032,1
7336,1
7337,1
7338,1
6999,1
6998,1
7339,1
6997,1
6996,1
6995,1
7341,1
7345,1
9813,1
9897,1
7033,1
7342,1
9827,1
7034,1
7343,1
7035,1
9910,1
7344,1
7273,1
6926,1
9772,1
7389,1
6876,1
9841,1
7086,1
7087,1
6875,1
6874,1
7088,1
9787,1
6873,1
9941,1
9942,1
6872,1
7445,1
9943,1
7243,1
7446,1
9944,1
9786,1
6871,1
9785,1
7089,1
9784,1
7316,1
7085,1
6878,1
7246,1
9790,1
9880,1
9791,1
9839,1
9938,1
7438,1
7250,1
7439,1
6883,1
6882,1
7440,1
7249,1
7247,1
7082,1
9789,1
9939,1
6880,1
7083,1
7442,1
9788,1
7443,1
7084,1
7444,1
7241,1
7090,1
9783,1
7467,1
9876,1
9779,1
9778,1
9875,1
6859,1
9777,1
6857,1
9946,1
7236,1
9776,1
9775,1
7238,1
9774,1
7097,1
9947,1
9773,1
7468,1
7235,1
6854,1
9948,1
9842,1
6852,1
7094,1
7093,1
7240,1
7455,1
7450,1
9879,1
7452,1
6868,1
6867,1
9782,1
6866,1
9781,1
6865,1
6864,1
7456,1
7464,1
9945,1
6863,1
7457,1
6862,1
6861,1
7459,1
9878,1
9877,1
9780,1
7463,1
9937,1
9792,1
7437,1
7065,1
9931,1
9837,1
6911,1
7063,1
7403,1
7263,1
6910,1
6909,1
7405,1
9885,1
9884,1
7401,1
7261,1
7406,1
9797,1
6908,1
6907,1
9883,1
7066,1
6905,1
9882,1
9932,1
7402,1
7400,1
9933,1
7058,1
6925,1
9889,1
6924,1
7390,1
7391,1
7270,1
6922,1
9888,1
7393,1
6920,1
7268,1
6914,1
7394,1
9887,1
9798,1
6918,1
7059,1
7266,1
6917,1
7397,1
7398,1
9886,1
7069,1
7257,1
7081,1
7431,1
6891,1
6890,1
7424,1
7425,1
7426,1
7077,1
7427,1
7428,1
7429,1
7430,1
6889,1
7421,1
7433,1
9793,1
7434,1
9881,1
6888,1
6887,1
6886,1
7253,1
7079,1
7080,1
7422,1
6892,1
6902,1
9794,1
7071,1
7072,1
9795,1
6901,1
7256,1
7410,1
7411,1
9934,1
7073,1
9935,1
6899,1
9838,1
6897,1
7074,1
9936,1
6895,1
6894,1
7416,1
7418,1
6893,1
7075,1
7420,1
7138,1
7955,1
7559,1
8618,1
8637,1
8636,1
8635,1
9330,1
8634,1
8631,1
9332,1
8630,1
8629,1
9333,1
8628,1
8627,1
8625,1
9334,1
9335,1
8623,1
8622,1
8621,1
9336,1
8620,1
9337,1
8639,1
9328,1
8642,1
8650,1
8659,1
8658,1
8657,1
8655,1
8654,1
8653,1
9322,1
8652,1
9323,1
8649,1
8643,1
8648,1
9324,1
9325,1
8647,1
9326,1
8646,1
9327,1
8645,1
8644,1
8619,1
8617,1
8661,1
8615,1
8587,1
8585,1
8584,1
9350,1
8583,1
8582,1
8579,1
8578,1
8577,1
9351,1
8575,1
8574,1
8573,1
8572,1
8570,1
8569,1
8568,1
8567,1
9352,1
8566,1
8565,1
8589,1
8590,1
8591,1
9342,1
9338,1
9339,1
8613,1
8612,1
9340,1
8611,1
8609,1
9341,1
8607,1
9343,1
8592,1
8606,1
8605,1
8604,1
8603,1
9344,1
8599,1
8598,1
8597,1
8596,1
8660,1
8662,1
9418,1
8717,1
8740,1
8739,1
8738,1
8737,1
9300,1
8736,1
8735,1
9301,1
9302,1
8734,1
9303,1
9304,1
8730,1
8729,1
8728,1
8727,1
8724,1
8722,1
8721,1
8720,1
8719,1
8741,1
9299,1
8743,1
8752,1
8758,1
9287,1
8756,1
9288,1
9289,1
8754,1
9290,1
8753,1
9291,1
9292,1
8744,1
9294,1
8750,1
8749,1
8748,1
9295,1
8747,1
8746,1
9297,1
9298,1
8718,1
8715,1
8663,1
8714,1
8687,1
9317,1
8685,1
8682,1
8681,1
8680,1
8679,1
8678,1
8676,1
8675,1
8673,1
9318,1
9319,1
9320,1
8671,1
8669,1
8668,1
8667,1
8666,1
9321,1
8664,1
8688,1
8689,1
8690,1
9311,1
9305,1
8711,1
8710,1
9307,1
8708,1
9309,1
8706,1
8705,1
9310,1
8702,1
8691,1
8701,1
8700,1
9312,1
9313,1
8699,1
8697,1
9314,1
9315,1
8692,1
8564,1
8561,1
8560,1
8401,1
9390,1
8428,1
9391,1
8426,1
8425,1
8424,1
8422,1
9392,1
9393,1
8417,1
8416,1
8415,1
9395,1
9396,1
8411,1
8410,1
9397,1
9398,1
8407,1
8406,1
8405,1
8429,1
8430,1
9389,1
8442,1
8452,1
8451,1
6729,1
8449,1
8448,1
8447,1
8446,1
8445,1
8444,1
9383,1
8432,1
9384,1
8441,1
8440,1
9385,1
8437,1
8436,1
8435,1
9388,1
8434,1
8402,1
8400,1
8559,1
9399,1
9408,1
9410,1
9411,1
9412,1
8373,1
8372,1
9413,1
8371,1
8370,1
8369,1
8368,1
8367,1
8366,1
8364,1
9414,1
9415,1
8363,1
9416,1
8362,1
8361,1
8359,1
8376,1
8377,1
8378,1
8389,1
9400,1
8396,1
8395,1
9401,1
8393,1
9402,1
8391,1
9403,1
8390,1
9405,1
8379,1
8388,1
9406,1
8387,1
8385,1
8384,1
9407,1
8383,1
8382,1
8381,1
8453,1
8454,1
9378,1
8455,1
8526,1
8525,1
8524,1
9357,1
9358,1
8522,1
8519,1
8518,1
8517,1
8516,1
9359,1
8515,1
8512,1
8511,1
8510,1
9360,1
8509,1
9361,1
8508,1
8507,1
8506,1
8527,1
8529,1
8531,1
8547,1
8558,1
8557,1
8556,1
8555,1
8553,1
8552,1
9353,1
8550,1
8549,1
8544,1
8532,1
8541,1
8540,1
8539,1
8538,1
8537,1
9355,1
8536,1
8535,1
8533,1
9362,1
8505,1
8504,1
8464,1
8473,1
8472,1
8471,1
9371,1
8470,1
8469,1
8468,1
8467,1
8466,1
8463,1
8475,1
8462,1
9375,1
8461,1
8460,1
8459,1
8458,1
9376,1
9377,1
8457,1
8474,1
8478,1
8503,1
8496,1
8501,1
8500,1
8499,1
8498,1
9364,1
9365,1
8497,1
9366,1
9367,1
8495,1
8479,1
8494,1
8492,1
8491,1
8490,1
8489,1
8488,1
8486,1
8483,1
8482,1
9286,1
8761,1
8762,1
9006,1
9023,1
9185,1
9186,1
9188,1
9021,1
9189,1
9020,1
9018,1
9191,1
9192,1
9016,1
9015,1
9014,1
9193,1
9194,1
9195,1
9011,1
9010,1
9009,1
9008,1
9007,1
9024,1
9184,1
9183,1
9033,1
9038,1
9172,1
9037,1
9173,1
9174,1
9175,1
9176,1
9035,1
9034,1
9032,1
9182,1
9031,1
9178,1
9179,1
9180,1
9030,1
9181,1
9028,1
9027,1
9026,1
9198,1
9005,1
8966,1
9004,1
9212,1
8984,1
8983,1
8982,1
9213,1
8980,1
8979,1
8977,1
9215,1
9216,1
9218,1
9219,1
8974,1
9220,1
8973,1
9221,1
8971,1
8970,1
8969,1
8968,1
8967,1
8985,1
9211,1
8986,1
8997,1
9199,1
9003,1
9200,1
9201,1
9002,1
9001,1
9000,1
9203,1
9205,1
9206,1
8987,1
8996,1
8995,1
9208,1
9209,1
8992,1
8991,1
8990,1
8989,1
8988,1
9039,1
9040,1
9170,1
9042,1
9140,1
9108,1
9141,1
9107,1
9105,1
9104,1
9144,1
9102,1
9101,1
9100,1
9099,1
9145,1
9097,1
9147,1
9148,1
9096,1
9095,1
9094,1
9093,1
9092,1
9149,1
9109,1
9110,1
9139,1
9126,1
9134,1
9137,1
9133,1
9138,1
9132,1
9131,1
9130,1
9128,1
9127,1
9124,1
9111,1
9123,1
9122,1
9119,1
9118,1
9117,1
9116,1
9115,1
9114,1
9113,1
9091,1
9089,1
9088,1
9163,1
9064,1
9063,1
9061,1
9161,1
9162,1
9058,1
9056,1
9055,1
9054,1
9053,1
9066,1
9052,1
9164,1
9050,1
9049,1
9166,1
9048,1
9167,1
9168,1
9044,1
9065,1
9067,1
9087,1
9078,1
9152,1
9086,1
9153,1
9085,1
9083,1
9082,1
9155,1
9080,1
9079,1
9157,1
9068,1
9077,1
9159,1
9076,1
9074,1
9073,1
9072,1
9071,1
9070,1
9069,1
9224,1
8965,1
8764,1
8813,1
9256,1
8834,1
8833,1
8832,1
8831,1
9257,1
8830,1
9258,1
8828,1
9259,1
8827,1
9260,1
8826,1
8824,1
9262,1
8822,1
8821,1
9263,1
8820,1
8818,1
8816,1
8835,1
8836,1
8837,1
8851,1
8861,1
8860,1
8859,1
9249,1
8857,1
8856,1
8855,1
8854,1
8853,1
8850,1
8838,1
8849,1
8847,1
8845,1
8844,1
9251,1
9252,1
9253,1
8840,1
8839,1
8815,1
9264,1
8964,1
8812,1
8785,1
8783,1
8782,1
8781,1
9277,1
8778,1
9278,1
9279,1
8776,1
8775,1
8773,1
8772,1
9281,1
9282,1
8771,1
8770,1
8769,1
9284,1
8767,1
9285,1
8766,1
9275,1
9274,1
8786,1
8797,1
8810,1
8809,1
8808,1
8805,1
8803,1
9265,1
8802,1
8801,1
8799,1
8796,1
9273,1
8795,1
9266,1
9267,1
9269,1
9270,1
8791,1
9271,1
8789,1
9272,1
8863,1
9247,1
8865,1
8866,1
8941,1
8940,1
8939,1
8938,1
8934,1
8933,1
8930,1
8929,1
8928,1
8927,1
8926,1
8925,1
8924,1
8923,1
8922,1
8921,1
8919,1
8918,1
8917,1
8916,1
8914,1
8942,1
8943,1
9232,1
9228,1
8963,1
8962,1
8961,1
8960,1
8958,1
9225,1
8957,1
9226,1
9227,1
8955,1
8944,1
8952,1
8951,1
9229,1
9230,1
8949,1
8948,1
8947,1
8946,1
9231,1
8913,1
8912,1
8911,1
8875,1
8885,1
8884,1
8883,1
8881,1
8880,1
9242,1
8878,1
8877,1
8876,1
9243,1
9240,1
9244,1
9245,1
8874,1
8873,1
8872,1
8871,1
8869,1
9246,1
8867,1
8887,1
8888,1
8909,1
9236,1
8908,1
8906,1
8905,1
8904,1
8903,1
8901,1
8899,1
8898,1
9235,1
8897,1
8889,1
8896,1
8895,1
8894,1
9237,1
9238,1
8893,1
8892,1
9239,1
8891,1
9417,1
8357,1
9733,1
7818,1
7837,1
7836,1
7835,1
9621,1
9622,1
7834,1
7833,1
7832,1
7830,1
9623,1
7829,1
7828,1
7827,1
7826,1
7824,1
9624,1
7823,1
9625,1
7822,1
7821,1
7820,1
7838,1
9620,1
7839,1
9612,1
7852,1
7851,1
9608,1
7850,1
9609,1
7849,1
9610,1
7847,1
9611,1
9613,1
9619,1
7843,1
9614,1
7842,1
7841,1
9615,1
7840,1
9616,1
9617,1
9618,1
9626,1
9628,1
7858,1
7817,1
9642,1
7794,1
7793,1
7791,1
7790,1
9643,1
7789,1
9644,1
9645,1
9646,1
9647,1
7788,1
7787,1
7786,1
7785,1
7784,1
7783,1
7782,1
7780,1
7779,1
7778,1
7795,1
9641,1
9640,1
9633,1
9629,1
7816,1
9630,1
7815,1
7814,1
9631,1
7812,1
7811,1
7810,1
9634,1
7797,1
7804,1
7803,1
9636,1
9637,1
7801,1
9638,1
7799,1
7798,1
9639,1
9607,1
7859,1
8356,1
9578,1
7916,1
7915,1
7914,1
7913,1
7912,1
7911,1
7910,1
9571,1
7909,1
7908,1
9573,1
7906,1
7905,1
9574,1
9575,1
7904,1
7902,1
7901,1
9576,1
7900,1
7899,1
7917,1
9570,1
7920,1
7936,1
7944,1
9561,1
7942,1
7941,1
9563,1
9564,1
9565,1
7939,1
7938,1
9566,1
7921,1
9567,1
7932,1
7930,1
7929,1
7928,1
9569,1
7924,1
7923,1
7922,1
7898,1
7896,1
9606,1
7895,1
9595,1
9596,1
9597,1
7874,1
9598,1
9599,1
9600,1
7872,1
9601,1
7871,1
9602,1
7870,1
7869,1
7868,1
7866,1
7865,1
9603,1
7864,1
9604,1
7862,1
7861,1
7876,1
9592,1
9591,1
9584,1
9579,1
9580,1
7894,1
7893,1
7892,1
7891,1
7889,1
9581,1
9582,1
9585,1
7878,1
9586,1
9587,1
9588,1
7883,1
9589,1
7881,1
7880,1
7879,1
9590,1
7777,1
7776,1
7775,1
7619,1
9703,1
7639,1
7638,1
7636,1
9704,1
9705,1
9706,1
7632,1
7631,1
7630,1
7629,1
7628,1
9707,1
9708,1
9709,1
7626,1
9710,1
7625,1
7622,1
7621,1
9711,1
9702,1
7641,1
7642,1
9696,1
7665,1
7664,1
7663,1
7662,1
9693,1
7661,1
9694,1
7660,1
9695,1
9697,1
9701,1
7653,1
7652,1
7651,1
7649,1
7647,1
9700,1
7646,1
7645,1
7644,1
9712,1
7618,1
7774,1
7617,1
9722,1
7589,1
7587,1
7585,1
7582,1
9724,1
9725,1
7579,1
9726,1
9727,1
7575,1
9728,1
7573,1
9729,1
9730,1
7568,1
7567,1
7565,1
7563,1
9732,1
7560,1
9721,1
7593,1
7594,1
7608,1
9713,1
9714,1
7616,1
9715,1
9716,1
7613,1
7612,1
9717,1
7610,1
9718,1
9720,1
7604,1
7602,1
7601,1
7600,1
7598,1
9719,1
7597,1
7596,1
7595,1
7667,1
9692,1
7668,1
9691,1
9658,1
7739,1
9659,1
7735,1
7734,1
9660,1
9661,1
7733,1
7731,1
9662,1
9663,1
7727,1
7726,1
7725,1
9664,1
7724,1
9665,1
9666,1
7722,1
7721,1
9667,1
9657,1
7741,1
9656,1
7760,1
9652,1
9653,1
7771,1
7770,1
7769,1
7767,1
7766,1
7764,1
7761,1
7759,1
7744,1
7757,1
7756,1
9654,1
7755,1
7753,1
9655,1
7751,1
7748,1
7747,1
7719,1
7718,1
7717,1
7682,1
9685,1
7692,1
9686,1
7691,1
7690,1
7689,1
7687,1
7686,1
7683,1
9687,1
7693,1
7679,1
9688,1
7676,1
9689,1
7675,1
7674,1
7673,1
9690,1
7670,1
9684,1
7694,1
7716,1
9674,1
9669,1
7714,1
9670,1
9671,1
7712,1
7711,1
7710,1
9672,1
9673,1
9675,1
9682,1
7709,1
7707,1
9678,1
9679,1
7704,1
7703,1
7702,1
9681,1
7699,1
9560,1
7946,1
7947,1
9478,1
8224,1
9470,1
8223,1
8222,1
8220,1
9472,1
8218,1
8217,1
8216,1
8214,1
8213,1
8212,1
9473,1
8211,1
8210,1
8208,1
8207,1
9474,1
9475,1
9476,1
9477,1
8226,1
9469,1
8227,1
9461,1
8248,1
8247,1
9456,1
9457,1
8244,1
9458,1
8243,1
8242,1
8241,1
9462,1
9468,1
8238,1
9463,1
9464,1
8236,1
8234,1
8233,1
9467,1
8230,1
8229,1
8202,1
8201,1
8147,1
8200,1
8173,1
8172,1
9490,1
9491,1
8170,1
8168,1
9492,1
8166,1
9493,1
9494,1
8162,1
8161,1
8160,1
9495,1
8158,1
9497,1
8157,1
8155,1
8154,1
8151,1
8150,1
9489,1
8174,1
9488,1
8192,1
9479,1
9480,1
8198,1
8197,1
9481,1
9482,1
9483,1
8195,1
8193,1
9484,1
9487,1
8190,1
8187,1
8186,1
8184,1
9486,1
8180,1
8179,1
8178,1
8177,1
9455,1
8250,1
8251,1
8252,1
8327,1
8325,1
8323,1
9425,1
8322,1
8321,1
8320,1
8319,1
9426,1
8318,1
8317,1
8316,1
8315,1
8314,1
8311,1
9427,1
9428,1
9430,1
9431,1
8303,1
8302,1
9424,1
8328,1
9423,1
8342,1
8355,1
8352,1
9419,1
8351,1
8349,1
8348,1
8347,1
8345,1
8343,1
8341,1
9422,1
8339,1
9420,1
9421,1
8337,1
8336,1
8335,1
8334,1
8333,1
8330,1
8301,1
8300,1
9432,1
9451,1
9447,1
8271,1
8270,1
8268,1
8267,1
9448,1
9449,1
9450,1
8264,1
8263,1
9446,1
9452,1
8261,1
8260,1
8259,1
8258,1
8257,1
8256,1
8254,1
9453,1
8272,1
9445,1
9433,1
9440,1
8297,1
8296,1
8295,1
9434,1
9436,1
9437,1
9438,1
8289,1
8288,1
8286,1
8274,1
9441,1
8284,1
8283,1
8282,1
9442,1
8279,1
8278,1
8277,1
9443,1
8148,1
8146,1
7948,1
8011,1
8036,1
9543,1
9544,1
8031,1
8030,1
8028,1
8026,1
8025,1
8024,1
8023,1
9545,1
8022,1
8021,1
9546,1
8020,1
9547,1
9548,1
8017,1
9550,1
8014,1
8013,1
8039,1
9541,1
8040,1
8051,1
8060,1
8058,1
9532,1
9533,1
9534,1
9535,1
8053,1
9537,1
8052,1
8050,1
8041,1
9538,1
9539,1
8049,1
8047,1
8046,1
9540,1
8045,1
8044,1
8043,1
8012,1
8010,1
8145,1
8009,1
7973,1
9553,1
7972,1
7970,1
7968,1
9554,1
7967,1
9555,1
7966,1
7965,1
7964,1
9556,1
7962,1
7960,1
7959,1
9557,1
7954,1
7953,1
7951,1
9559,1
7949,1
7976,1
7977,1
7979,1
7993,1
8008,1
8007,1
8002,1
8000,1
7999,1
7997,1
9551,1
7996,1
7994,1
7992,1
7980,1
7991,1
7990,1
7989,1
7986,1
7985,1
9552,1
7983,1
7982,1
7981,1
8061,1
8062,1
8064,1
8065,1
8124,1
8123,1
9508,1
9509,1
8122,1
8120,1
8119,1
8118,1
8117,1
9511,1
8116,1
9512,1
8113,1
8111,1
9513,1
9514,1
8110,1
9515,1
8109,1
8108,1
9516,1
9507,1
8125,1
8126,1
8137,1
9498,1
9499,1
9500,1
8144,1
8143,1
8142,1
8141,1
8140,1
8139,1
9501,1
8127,1
9502,1
9503,1
8133,1
8132,1
8131,1
8130,1
8129,1
9504,1
9506,1
8107,1
8106,1
9517,1
8078,1
8086,1
8085,1
8084,1
8083,1
9529,1
8082,1
8081,1
8080,1
9530,1
8077,1
9528,1
8076,1
8074,1
8073,1
8072,1
8071,1
8070,1
8069,1
8068,1
8066,1
8087,1
8088,1
8105,1
9521,1
8104,1
8103,1
8101,1
8100,1
8098,1
9518,1
9519,1
9520,1
8096,1
9522,1
8089,1
8095,1
8094,1
8093,1
9523,1
9524,1
8091,1
8090,1
9526,1
9527,1
8450,1
4993,1
6722,1
2452,1
2472,1
2471,1
2470,1
2469,1
2466,1
2465,1
2464,1
2459,1
2457,1
2456,1
2448,1
2426,1
2447,1
2446,1
2445,1
2443,1
2440,1
2439,1
2436,1
2435,1
2430,1
2429,1
2477,1
2479,1
2482,1
2484,1
2524,1
2523,1
2522,1
2519,1
2518,1
2517,1
2513,1
2510,1
2509,1
2507,1
2504,1
2503,1
2502,1
2501,1
2500,1
2499,1
2494,1
2492,1
2491,1
2487,1
2485,1
2428,1
2424,1
2529,1
2358,1
2376,1
2375,1
2374,1
2373,1
2371,1
2367,1
2363,1
2361,1
2360,1
2359,1
2357,1
2423,1
2354,1
2351,1
2350,1
2349,1
2346,1
2343,1
2342,1
2337,1
2336,1
2333,1
2378,1
2383,1
2384,1
2387,1
2421,1
2420,1
2418,1
2416,1
2415,1
2414,1
2412,1
2410,1
2409,1
2406,1
2405,1
2404,1
2403,1
2402,1
2401,1
2395,1
2394,1
2392,1
2390,1
2389,1
2388,1
2527,1
2530,1
2326,1
2654,1
2673,1
2670,1
2667,1
2666,1
2664,1
2662,1
2659,1
2658,1
2657,1
2656,1
2649,1
2631,1
2648,1
2646,1
2644,1
2643,1
2641,1
2640,1
2638,1
2637,1
2636,1
2633,1
2676,1
2678,1
2685,1
2686,1
2752,1
2747,1
2745,1
2744,1
2743,1
2739,1
2734,1
2733,1
2729,1
2728,1
2720,1
2718,1
2714,1
2712,1
2711,1
2710,1
2709,1
2708,1
2706,1
2697,1
2696,1
2632,1
2630,1
2531,1
2552,1
2577,1
2569,1
2567,1
2563,1
2562,1
2561,1
2558,1
2556,1
2555,1
2553,1
2550,1
2626,1
2548,1
2547,1
2546,1
2545,1
2541,1
2540,1
2539,1
2538,1
2537,1
2535,1
2578,1
2579,1
2580,1
2581,1
2625,1
2624,1
2623,1
2619,1
2618,1
2617,1
2614,1
2613,1
2611,1
2607,1
2603,1
2602,1
2599,1
2596,1
2595,1
2594,1
2591,1
2587,1
2586,1
2585,1
2583,1
2327,1
2323,1
6717,1
1977,1
1997,1
1995,1
1994,1
1992,1
1991,1
1989,1
1987,1
1986,1
1985,1
1982,1
1974,1
1951,1
1972,1
1965,1
1962,1
1960,1
1959,1
1958,1
1957,1
1956,1
1955,1
1954,1
1998,1
2003,1
2005,1
2006,1
2050,1
2049,1
2048,1
2047,1
2043,1
2041,1
2040,1
2039,1
2037,1
2035,1
2034,1
2033,1
2028,1
2025,1
2023,1
2022,1
2020,1
2019,1
2018,1
2011,1
2010,1
1952,1
1950,1
2054,1
1882,1
1901,1
1900,1
1894,1
1893,1
1890,1
1887,1
1886,1
1885,1
1884,1
1883,1
1876,1
1949,1
1875,1
1874,1
1872,1
1871,1
1870,1
1869,1
1867,1
1866,1
1865,1
1861,1
1903,1
1904,1
1905,1
1906,1
1948,1
1947,1
1946,1
1945,1
1944,1
1943,1
1942,1
1941,1
1940,1
1938,1
1935,1
1933,1
1931,1
1928,1
1924,1
1919,1
1916,1
1915,1
1912,1
1910,1
1907,1
2052,1
2056,1
2322,1
2217,1
2254,1
2248,1
2245,1
2243,1
2238,1
2233,1
2232,1
2228,1
2222,1
2220,1
2215,1
2183,1
2210,1
2208,1
2205,1
2204,1
2201,1
2200,1
2194,1
2193,1
2192,1
2191,1
2255,1
2256,1
2259,1
2263,1
2321,1
2318,1
2311,1
2309,1
2301,1
2298,1
2297,1
2294,1
2293,1
2290,1
2287,1
2285,1
2283,1
2281,1
2277,1
2273,1
2272,1
2271,1
2268,1
2267,1
2265,1
2186,1
2179,1
2058,1
2084,1
2108,1
2103,1
2099,1
2095,1
2093,1
2092,1
2091,1
2088,1
2086,1
2085,1
2082,1
2176,1
2077,1
2074,1
2073,1
2071,1
2069,1
2068,1
2065,1
2064,1
2063,1
2062,1
2111,1
2113,1
2116,1
2117,1
2172,1
2165,1
2164,1
2161,1
2157,1
2155,1
2154,1
2153,1
2151,1
2145,1
2144,1
2143,1
2140,1
2139,1
2133,1
2130,1
2127,1
2126,1
2123,1
2122,1
2118,1
2754,1
2755,1
2756,1
3280,1
3299,1
3298,1
3297,1
3296,1
3295,1
3290,1
3289,1
3286,1
3285,1
3283,1
3273,1
3253,1
3271,1
3269,1
3267,1
3266,1
3265,1
3263,1
3262,1
3260,1
3259,1
3258,1
3300,1
3301,1
3303,1
3304,1
3335,1
3334,1
3332,1
3330,1
3329,1
3328,1
3327,1
3325,1
3324,1
3320,1
3319,1
3318,1
3316,1
3315,1
3313,1
3312,1
3311,1
3309,1
3307,1
3306,1
3305,1
3256,1
3252,1
3338,1
3183,1
3196,1
3195,1
3194,1
3192,1
3191,1
3189,1
3187,1
3186,1
3185,1
3184,1
3182,1
3249,1
3179,1
3178,1
3174,1
3173,1
3172,1
3171,1
3170,1
3169,1
3168,1
3167,1
3197,1
3200,1
3208,1
3210,1
3246,1
3245,1
3244,1
3242,1
3240,1
3238,1
3236,1
3235,1
3234,1
3233,1
3228,1
3227,1
3224,1
3223,1
3220,1
3219,1
3217,1
3216,1
3214,1
3213,1
3211,1
3337,1
3344,1
2757,1
3488,1
3508,1
3507,1
3506,1
3504,1
3501,1
3499,1
3497,1
3496,1
3495,1
3493,1
3485,1
3457,1
3483,1
3479,1
3477,1
3474,1
3472,1
3470,1
3466,1
3465,1
3463,1
3462,1
3510,1
3517,1
3519,1
3521,1
3566,1
3565,1
3564,1
3562,1
3556,1
3554,1
3553,1
3551,1
3550,1
3549,1
3548,1
3546,1
3542,1
3539,1
3535,1
3531,1
3530,1
3529,1
3528,1
3526,1
3522,1
3460,1
3456,1
3345,1
3374,1
3389,1
3388,1
3386,1
3385,1
3383,1
3382,1
3378,1
3377,1
3376,1
3375,1
3373,1
3453,1
3370,1
3366,1
3365,1
3363,1
3361,1
3360,1
3358,1
3355,1
3354,1
3349,1
3391,1
3396,1
3397,1
3398,1
3452,1
3445,1
3443,1
3439,1
3438,1
3433,1
3432,1
3426,1
3425,1
3421,1
3418,1
3415,1
3414,1
3413,1
3412,1
3411,1
3409,1
3406,1
3404,1
3402,1
3401,1
3166,1
3163,1
3161,1
2872,1
2894,1
2893,1
2892,1
2887,1
2886,1
2884,1
2879,1
2878,1
2877,1
2876,1
2868,1
2844,1
2865,1
2864,1
2862,1
2860,1
2859,1
2857,1
2856,1
2852,1
2849,1
2848,1
2895,1
2896,1
2898,1
2900,1
2950,1
2946,1
2943,1
2942,1
2940,1
2939,1
2938,1
2930,1
2928,1
2927,1
2926,1
2924,1
2923,1
2922,1
2921,1
2916,1
2913,1
2906,1
2905,1
2903,1
2901,1
2847,1
2842,1
3160,1
2780,1
2801,1
2799,1
2796,1
2795,1
2792,1
2789,1
2788,1
2786,1
2785,1
2784,1
2776,1
2840,1
2774,1
2772,1
2770,1
2766,1
2764,1
2763,1
2761,1
2760,1
2759,1
2758,1
2802,1
2806,1
2807,1
2808,1
2839,1
2838,1
2837,1
2836,1
2835,1
2834,1
2833,1
2832,1
2831,1
2830,1
2829,1
2828,1
2826,1
2824,1
2823,1
2822,1
2819,1
2818,1
2815,1
2812,1
2811,1
2954,1
2957,1
2958,1
3091,1
3114,1
3113,1
3111,1
3108,1
3106,1
3103,1
3102,1
3097,1
3095,1
3092,1
3090,1
2959,1
3089,1
3087,1
3085,1
3079,1
3078,1
3077,1
3071,1
3069,1
3067,1
3066,1
3115,1
3117,1
3118,1
3119,1
3157,1
3156,1
3155,1
3153,1
3152,1
3151,1
3150,1
3148,1
3147,1
3145,1
3144,1
3143,1
3139,1
3134,1
3131,1
3130,1
3129,1
3127,1
3126,1
3124,1
3120,1
3065,1
3063,1
3061,1
3005,1
3000,1
2997,1
2996,1
2995,1
2993,1
2992,1
2990,1
2985,1
2978,1
2976,1
2974,1
2972,1
2971,1
2969,1
2968,1
2965,1
2964,1
2963,1
2962,1
2961,1
2960,1
3001,1
3006,1
3058,1
3008,1
3057,1
3054,1
3053,1
3051,1
3050,1
3047,1
3044,1
3043,1
3037,1
3031,1
3030,1
3029,1
3026,1
3025,1
3023,1
3022,1
3016,1
3015,1
3014,1
3013,1
3009,1
1857,1
1855,1
1854,1
668,1
694,1
693,1
689,1
688,1
685,1
683,1
682,1
679,1
676,1
673,1
666,1
636,1
664,1
663,1
661,1
658,1
657,1
656,1
651,1
649,1
648,1
647,1
695,1
696,1
700,1
701,1
749,1
748,1
747,1
744,1
741,1
740,1
739,1
736,1
735,1
731,1
728,1
727,1
726,1
725,1
720,1
718,1
717,1
715,1
707,1
704,1
702,1
645,1
635,1
751,1
546,1
565,1
562,1
561,1
558,1
556,1
555,1
554,1
553,1
551,1
549,1
545,1
630,1
542,1
541,1
540,1
537,1
536,1
532,1
529,1
528,1
526,1
519,1
568,1
569,1
572,1
574,1
626,1
625,1
620,1
619,1
615,1
614,1
611,1
606,1
605,1
604,1
600,1
598,1
594,1
592,1
591,1
590,1
585,1
580,1
579,1
577,1
575,1
750,1
754,1
933,1
869,1
883,1
880,1
879,1
878,1
876,1
875,1
874,1
872,1
871,1
870,1
867,1
846,1
866,1
864,1
863,1
862,1
860,1
858,1
856,1
855,1
854,1
853,1
884,1
886,1
888,1
889,1
929,1
927,1
923,1
921,1
920,1
917,1
915,1
910,1
908,1
904,1
903,1
902,1
901,1
900,1
899,1
897,1
896,1
895,1
894,1
893,1
892,1
850,1
844,1
755,1
777,1
797,1
796,1
795,1
793,1
792,1
789,1
788,1
786,1
783,1
781,1
775,1
843,1
773,1
771,1
770,1
769,1
767,1
764,1
762,1
759,1
757,1
756,1
799,1
800,1
802,1
803,1
842,1
841,1
838,1
837,1
836,1
834,1
833,1
832,1
831,1
829,1
826,1
825,1
824,1
823,1
822,1
821,1
819,1
818,1
817,1
815,1
812,1
518,1
515,1
514,1
165,1
191,1
190,1
188,1
184,1
182,1
181,1
178,1
174,1
169,1
167,1
164,1
132,1
162,1
161,1
160,1
159,1
157,1
156,1
150,1
141,1
139,1
138,1
193,1
194,1
196,1
197,1
246,1
244,1
243,1
240,1
237,1
235,1
234,1
230,1
226,1
224,1
222,1
218,1
217,1
215,1
213,1
209,1
208,1
203,1
202,1
200,1
199,1
133,1
131,1
513,1
43,1
61,1
60,1
59,1
57,1
56,1
55,1
54,1
51,1
48,1
45,1
40,1
125,1
37,1
33,1
32,1
31,1
30,1
26,1
21,1
20,1
15,1
13,1
64,1
65,1
67,1
70,1
124,1
123,1
120,1
119,1
117,1
115,1
114,1
110,1
109,1
108,1
107,1
102,1
98,1
97,1
96,1
94,1
92,1
90,1
88,1
84,1
80,1
247,1
249,1
250,1
416,1
445,1
444,1
442,1
433,1
432,1
430,1
422,1
419,1
418,1
417,1
413,1
251,1
411,1
410,1
409,1
408,1
406,1
402,1
401,1
398,1
394,1
390,1
446,1
449,1
450,1
456,1
510,1
509,1
505,1
502,1
501,1
498,1
497,1
496,1
492,1
490,1
489,1
488,1
482,1
476,1
475,1
471,1
470,1
468,1
462,1
459,1
457,1
388,1
384,1
383,1
317,1
308,1
307,1
302,1
301,1
295,1
292,1
288,1
286,1
285,1
284,1
283,1
281,1
277,1
269,1
267,1
264,1
263,1
258,1
256,1
255,1
252,1
309,1
318,1
382,1
332,1
380,1
377,1
374,1
373,1
372,1
370,1
365,1
363,1
361,1
360,1
356,1
353,1
351,1
347,1
345,1
344,1
343,1
341,1
340,1
338,1
334,1
930,1
934,1
1853,1
1553,1
1572,1
1568,1
1565,1
1563,1
1562,1
1560,1
1559,1
1558,1
1557,1
1555,1
1552,1
1513,1
1551,1
1550,1
1549,1
1546,1
1532,1
1531,1
1530,1
1523,1
1517,1
1515,1
1574,1
1575,1
1576,1
1577,1
1616,1
1612,1
1610,1
1607,1
1603,1
1600,1
1599,1
1597,1
1596,1
1592,1
1591,1
1590,1
1589,1
1587,1
1586,1
1585,1
1584,1
1582,1
1580,1
1579,1
1578,1
1514,1
1511,1
1620,1
1412,1
1446,1
1445,1
1442,1
1431,1
1427,1
1424,1
1422,1
1416,1
1414,1
1413,1
1410,1
1510,1
1408,1
1406,1
1405,1
1402,1
1399,1
1397,1
1396,1
1395,1
1393,1
1391,1
1451,1
1453,1
1457,1
1458,1
1505,1
1501,1
1500,1
1496,1
1494,1
1493,1
1489,1
1487,1
1486,1
1483,1
1482,1
1481,1
1480,1
1479,1
1477,1
1476,1
1470,1
1469,1
1468,1
1463,1
1462,1
1619,1
1624,1
935,1
1788,1
1811,1
1809,1
1804,1
1802,1
1800,1
1799,1
1798,1
1795,1
1791,1
1790,1
1787,1
1762,1
1785,1
1781,1
1777,1
1776,1
1775,1
1774,1
1772,1
1768,1
1767,1
1764,1
1812,1
1813,1
1814,1
1818,1
1852,1
1850,1
1849,1
1848,1
1847,1
1845,1
1844,1
1843,1
1841,1
1840,1
1837,1
1834,1
1833,1
1831,1
1830,1
1829,1
1826,1
1824,1
1823,1
1821,1
1820,1
1763,1
1758,1
1627,1
1658,1
1676,1
1675,1
1673,1
1671,1
1670,1
1667,1
1664,1
1662,1
1661,1
1659,1
1656,1
1751,1
1655,1
1651,1
1643,1
1640,1
1639,1
1638,1
1637,1
1635,1
1633,1
1628,1
1682,1
1685,1
1686,1
1689,1
1749,1
1746,1
1745,1
1740,1
1738,1
1736,1
1735,1
1729,1
1714,1
1711,1
1710,1
1709,1
1705,1
1703,1
1699,1
1698,1
1696,1
1695,1
1694,1
1693,1
1691,1
1390,1
1389,1
1388,1
1095,1
1115,1
1113,1
1112,1
1111,1
1110,1
1106,1
1104,1
1100,1
1097,1
1096,1
1094,1
1075,1
1093,1
1091,1
1086,1
1085,1
1084,1
1083,1
1082,1
1081,1
1080,1
1079,1
1119,1
1121,1
1122,1
1127,1
1168,1
1166,1
1165,1
1163,1
1161,1
1160,1
1157,1
1154,1
1153,1
1152,1
1151,1
1150,1
1147,1
1145,1
1143,1
1140,1
1138,1
1135,1
1131,1
1130,1
1128,1
1078,1
1073,1
1383,1
969,1
995,1
989,1
988,1
982,1
981,1
980,1
979,1
975,1
974,1
973,1
965,1
1071,1
962,1
960,1
956,1
955,1
953,1
951,1
946,1
945,1
941,1
938,1
999,1
1000,1
1005,1
1008,1
1067,1
1061,1
1059,1
1057,1
1056,1
1055,1
1054,1
1051,1
1050,1
1047,1
1043,1
1039,1
1037,1
1036,1
1032,1
1029,1
1028,1
1027,1
1026,1
1024,1
1013,1
1169,1
1170,1
1171,1
1297,1
1322,1
1320,1
1318,1
1317,1
1309,1
1307,1
1306,1
1303,1
1302,1
1299,1
1296,1
1172,1
1294,1
1293,1
1292,1
1289,1
1280,1
1279,1
1272,1
1270,1
1269,1
1266,1
1323,1
1324,1
1325,1
1328,1
1377,1
1374,1
1373,1
1367,1
1365,1
1364,1
1363,1
1362,1
1361,1
1360,1
1359,1
1358,1
1357,1
1355,1
1354,1
1351,1
1343,1
1341,1
1339,1
1337,1
1330,1
1262,1
1254,1
1253,1
1211,1
1208,1
1207,1
1205,1
1204,1
1203,1
1202,1
1201,1
1200,1
1199,1
1198,1
1197,1
1196,1
1194,1
1192,1
1191,1
1190,1
1188,1
1182,1
1180,1
1177,1
1173,1
1209,1
1212,1
1252,1
1213,1
1250,1
1249,1
1246,1
1245,1
1243,1
1242,1
1240,1
1239,1
1238,1
1235,1
1232,1
1231,1
1230,1
1229,1
1227,1
1226,1
1225,1
1222,1
1218,1
1217,1
1214,1
3567,1
3570,1
3573,1
5718,1
5739,1
5738,1
5735,1
5733,1
5731,1
5729,1
5727,1
5726,1
5724,1
5721,1
5717,1
5695,1
5716,1
5711,1
5710,1
5707,1
5706,1
5705,1
5701,1
5699,1
5698,1
5697,1
5741,1
5743,1
5745,1
5747,1
5785,1
5784,1
5783,1
5782,1
5781,1
5778,1
5777,1
5775,1
5772,1
5771,1
5770,1
5767,1
5765,1
5762,1
5761,1
5757,1
5756,1
5754,1
5752,1
5750,1
5749,1
5696,1
5694,1
5787,1
5620,1
5633,1
5632,1
5630,1
5629,1
5626,1
5625,1
5624,1
5623,1
5622,1
5621,1
5619,1
5692,1
5617,1
5615,1
5613,1
5611,1
5610,1
5608,1
5607,1
5602,1
5601,1
5600,1
5634,1
5636,1
5642,1
5645,1
5691,1
5690,1
5688,1
5687,1
5686,1
5681,1
5678,1
5676,1
5674,1
5671,1
5668,1
5667,1
5665,1
5663,1
5660,1
5657,1
5656,1
5653,1
5652,1
5651,1
5647,1
5786,1
5793,1
5965,1
5907,1
5925,1
5924,1
5922,1
5918,1
5916,1
5915,1
5913,1
5912,1
5910,1
5908,1
5905,1
5879,1
5903,1
5902,1
5900,1
5899,1
5897,1
5896,1
5894,1
5893,1
5891,1
5883,1
5926,1
5927,1
5929,1
5930,1
5961,1
5960,1
5959,1
5957,1
5954,1
5953,1
5952,1
5951,1
5950,1
5949,1
5948,1
5947,1
5946,1
5943,1
5942,1
5941,1
5937,1
5935,1
5934,1
5932,1
5931,1
5882,1
5878,1
5795,1
5820,1
5837,1
5836,1
5835,1
5833,1
5832,1
5831,1
5830,1
5827,1
5823,1
5822,1
5818,1
5876,1
5816,1
5815,1
5813,1
5811,1
5809,1
5808,1
5807,1
5803,1
5799,1
5797,1
5842,1
5844,1
5845,1
5846,1
5875,1
5874,1
5873,1
5871,1
5870,1
5869,1
5868,1
5867,1
5866,1
5864,1
5863,1
5862,1
5860,1
5859,1
5858,1
5857,1
5856,1
5853,1
5852,1
5851,1
5850,1
5598,1
5596,1
5595,1
5315,1
5352,1
5346,1
5344,1
5342,1
5337,1
5330,1
5328,1
5327,1
5319,1
5318,1
5314,1
5288,1
5311,1
5310,1
5307,1
5306,1
5305,1
5304,1
5300,1
5297,1
5294,1
5292,1
5354,1
5358,1
5364,1
5368,1
5405,1
5398,1
5396,1
5394,1
5392,1
5390,1
5388,1
5385,1
5384,1
5382,1
5381,1
5380,1
5379,1
5377,1
5376,1
5375,1
5374,1
5373,1
5372,1
5370,1
5369,1
5291,1
5284,1
5591,1
5208,1
5232,1
5231,1
5229,1
5222,1
5221,1
5219,1
5218,1
5217,1
5211,1
5209,1
5207,1
5283,1
5205,1
5203,1
5202,1
5201,1
5200,1
5199,1
5197,1
5195,1
5193,1
5190,1
5233,1
5234,1
5236,1
5237,1
5281,1
5280,1
5278,1
5275,1
5274,1
5273,1
5271,1
5270,1
5267,1
5264,1
5261,1
5258,1
5254,1
5253,1
5250,1
5247,1
5246,1
5244,1
5243,1
5240,1
5238,1
5406,1
5408,1
5409,1
5524,1
5545,1
5543,1
5540,1
5539,1
5538,1
5537,1
5530,1
5529,1
5527,1
5525,1
5522,1
5414,1
5517,1
5516,1
5514,1
5513,1
5507,1
5505,1
5504,1
5503,1
5501,1
5500,1
5546,1
5547,1
5549,1
5550,1
5588,1
5587,1
5585,1
5584,1
5583,1
5582,1
5580,1
5577,1
5576,1
5575,1
5574,1
5572,1
5571,1
5568,1
5567,1
5563,1
5562,1
5560,1
5556,1
5555,1
5552,1
5498,1
5497,1
5496,1
5447,1
5445,1
5443,1
5442,1
5441,1
5439,1
5438,1
5437,1
5436,1
5435,1
5434,1
5433,1
5432,1
5431,1
5430,1
5429,1
5427,1
5426,1
5423,1
5422,1
5418,1
5417,1
5446,1
5448,1
5494,1
5450,1
5493,1
5492,1
5491,1
5487,1
5486,1
5484,1
5483,1
5482,1
5481,1
5475,1
5474,1
5472,1
5469,1
5466,1
5463,1
5461,1
5458,1
5457,1
5455,1
5454,1
5451,1
5962,1
5967,1
5187,1
6462,1
6481,1
6476,1
6474,1
6473,1
6472,1
6469,1
6468,1
6466,1
6465,1
6464,1
6459,1
6431,1
6457,1
6452,1
6448,1
6446,1
6445,1
6442,1
6440,1
6439,1
6436,1
6434,1
6482,1
6483,1
6485,1
6487,1
6524,1
6522,1
6520,1
6517,1
6515,1
6514,1
6513,1
6511,1
6510,1
6508,1
6507,1
6505,1
6504,1
6503,1
6501,1
6498,1
6497,1
6493,1
6491,1
6489,1
6488,1
6432,1
6429,1
6527,1
6365,1
6381,1
6380,1
6379,1
6375,1
6374,1
6372,1
6371,1
6370,1
6369,1
6367,1
6364,1
6428,1
6362,1
6361,1
6359,1
6358,1
6357,1
6356,1
6355,1
6354,1
6353,1
6351,1
6382,1
6384,1
6385,1
6386,1
6426,1
6422,1
6420,1
6419,1
6418,1
6415,1
6414,1
6413,1
6410,1
6407,1
6406,1
6405,1
6403,1
6402,1
6401,1
6399,1
6397,1
6396,1
6395,1
6389,1
6388,1
6525,1
6529,1
5968,1
6647,1
6667,1
6663,1
6662,1
6661,1
6660,1
6659,1
6658,1
6651,1
6650,1
6649,1
6645,1
6617,1
6641,1
6640,1
6639,1
6637,1
6636,1
6630,1
6627,1
6626,1
6625,1
6623,1
6668,1
6669,1
6670,1
6673,1
6716,1
6714,1
6713,1
6712,1
6711,1
6704,1
6703,1
6701,1
6700,1
6698,1
6696,1
6695,1
6694,1
6693,1
6682,1
6681,1
6679,1
6678,1
6677,1
6676,1
6675,1
6621,1
6616,1
6531,1
6551,1
6563,1
6562,1
6561,1
6560,1
6559,1
6558,1
6555,1
6554,1
6553,1
6552,1
6548,1
6614,1
6547,1
6546,1
6545,1
6543,1
6541,1
6540,1
6538,1
6535,1
6533,1
6532,1
6564,1
6565,1
6567,1
6568,1
6613,1
6612,1
6611,1
6608,1
6606,1
6604,1
6602,1
6600,1
6599,1
6598,1
6595,1
6593,1
6592,1
6584,1
6582,1
6581,1
6579,1
6573,1
6572,1
6571,1
6570,1
6350,1
6349,1
6348,1
6083,1
6106,1
6103,1
6102,1
6098,1
6092,1
6091,1
6088,1
6087,1
6085,1
6084,1
6082,1
6063,1
6080,1
6079,1
6078,1
6077,1
6075,1
6074,1
6073,1
6072,1
6069,1
6067,1
6108,1
6109,1
6110,1
6114,1
6160,1
6159,1
6158,1
6156,1
6154,1
6147,1
6145,1
6144,1
6141,1
6139,1
6135,1
6134,1
6132,1
6131,1
6128,1
6125,1
6123,1
6121,1
6120,1
6119,1
6115,1
6064,1
6062,1
6347,1
5992,1
6008,1
6007,1
6006,1
6005,1
6004,1
6003,1
6002,1
6000,1
5999,1
5996,1
5991,1
6061,1
5988,1
5987,1
5985,1
5979,1
5978,1
5974,1
5973,1
5971,1
5970,1
5969,1
6009,1
6013,1
6014,1
6018,1
6060,1
6059,1
6058,1
6054,1
6052,1
6048,1
6046,1
6044,1
6042,1
6039,1
6037,1
6035,1
6034,1
6033,1
6031,1
6029,1
6027,1
6025,1
6022,1
6021,1
6020,1
6163,1
6166,1
6168,1
6285,1
6300,1
6299,1
6298,1
6296,1
6294,1
6293,1
6291,1
6289,1
6287,1
6286,1
6284,1
6169,1
6283,1
6282,1
6281,1
6276,1
6275,1
6273,1
6272,1
6271,1
6269,1
6266,1
6301,1
6303,1
6304,1
6306,1
6345,1
6342,1
6340,1
6339,1
6335,1
6332,1
6331,1
6330,1
6329,1
6328,1
6325,1
6324,1
6323,1
6322,1
6321,1
6320,1
6317,1
6312,1
6311,1
6309,1
6307,1
6263,1
6262,1
6261,1
6217,1
6213,1
6212,1
6211,1
6209,1
6208,1
6204,1
6203,1
6202,1
6200,1
6198,1
6195,1
6194,1
6193,1
6190,1
6189,1
6188,1
6187,1
6182,1
6181,1
6172,1
6171,1
6216,1
6219,1
6259,1
6220,1
6257,1
6255,1
6254,1
6252,1
6250,1
6249,1
6247,1
6246,1
6242,1
6241,1
6240,1
6238,1
6237,1
6236,1
6235,1
6233,1
6232,1
6230,1
6225,1
6223,1
6222,1
5188,1
5186,1
3574,1
4084,1
4101,1
4099,1
4098,1
4096,1
4095,1
4094,1
4092,1
4090,1
4088,1
4087,1
4083,1
4057,1
4082,1
4079,1
4077,1
4076,1
4072,1
4069,1
4065,1
4063,1
4062,1
4059,1
4102,1
4106,1
4107,1
4108,1
4146,1
4145,1
4143,1
4140,1
4137,1
4135,1
4134,1
4132,1
4131,1
4129,1
4128,1
4127,1
4122,1
4121,1
4119,1
4118,1
4117,1
4116,1
4115,1
4112,1
4111,1
4058,1
4056,1
4149,1
3986,1
4005,1
4004,1
4000,1
3999,1
3995,1
3993,1
3991,1
3990,1
3989,1
3988,1
3985,1
4055,1
3984,1
3983,1
3977,1
3976,1
3975,1
3974,1
3973,1
3971,1
3968,1
3967,1
4006,1
4007,1
4009,1
4013,1
4053,1
4052,1
4048,1
4047,1
4044,1
4041,1
4040,1
4038,1
4036,1
4033,1
4031,1
4028,1
4027,1
4026,1
4023,1
4022,1
4021,1
4018,1
4017,1
4015,1
4014,1
4148,1
4151,1
4339,1
4269,1
4285,1
4284,1
4283,1
4282,1
4281,1
4277,1
4275,1
4273,1
4272,1
4271,1
4268,1
4250,1
4267,1
4266,1
4264,1
4263,1
4262,1
4260,1
4258,1
4255,1
4254,1
4253,1
4286,1
4287,1
4288,1
4290,1
4333,1
4331,1
4330,1
4329,1
4328,1
4327,1
4326,1
4323,1
4322,1
4321,1
4316,1
4315,1
4314,1
4312,1
4308,1
4306,1
4301,1
4299,1
4297,1
4296,1
4291,1
4252,1
4248,1
4153,1
4179,1
4198,1
4197,1
4196,1
4193,1
4187,1
4186,1
4184,1
4183,1
4182,1
4180,1
4177,1
4245,1
4175,1
4169,1
4166,1
4165,1
4164,1
4162,1
4161,1
4160,1
4158,1
4154,1
4199,1
4200,1
4202,1
4203,1
4244,1
4242,1
4241,1
4237,1
4235,1
4231,1
4230,1
4229,1
4228,1
4226,1
4225,1
4224,1
4222,1
4219,1
4217,1
4214,1
4213,1
4211,1
4209,1
4205,1
4204,1
3966,1
3964,1
3963,1
3694,1
3712,1
3711,1
3710,1
3709,1
3708,1
3701,1
3700,1
3698,1
3696,1
3695,1
3692,1
3670,1
3688,1
3686,1
3684,1
3680,1
3679,1
3677,1
3676,1
3675,1
3674,1
3673,1
3713,1
3714,1
3715,1
3716,1
3756,1
3755,1
3754,1
3753,1
3750,1
3749,1
3747,1
3742,1
3740,1
3738,1
3737,1
3736,1
3735,1
3733,1
3728,1
3727,1
3724,1
3723,1
3719,1
3718,1
3717,1
3671,1
3663,1
3961,1
3591,1
3612,1
3611,1
3610,1
3608,1
3606,1
3600,1
3599,1
3598,1
3593,1
3592,1
3589,1
3662,1
3588,1
3586,1
3585,1
3584,1
3583,1
3581,1
3578,1
3577,1
3576,1
3575,1
3614,1
3615,1
3617,1
3619,1
3661,1
3657,1
3655,1
3654,1
3653,1
3652,1
3651,1
3650,1
3648,1
3647,1
3642,1
3640,1
3639,1
3636,1
3633,1
3632,1
3630,1
3629,1
3628,1
3625,1
3621,1
3757,1
3758,1
3760,1
3898,1
3914,1
3913,1
3912,1
3911,1
3910,1
3909,1
3908,1
3907,1
3905,1
3900,1
3897,1
3761,1
3896,1
3895,1
3887,1
3886,1
3882,1
3877,1
3875,1
3874,1
3871,1
3867,1
3915,1
3916,1
3917,1
3918,1
3960,1
3957,1
3955,1
3951,1
3949,1
3947,1
3944,1
3943,1
3942,1
3940,1
3939,1
3938,1
3937,1
3936,1
3934,1
3931,1
3930,1
3926,1
3924,1
3921,1
3920,1
3863,1
3858,1
3856,1
3811,1
3806,1
3804,1
3802,1
3801,1
3800,1
3794,1
3791,1
3788,1
3787,1
3784,1
3783,1
3781,1
3779,1
3775,1
3773,1
3772,1
3767,1
3766,1
3765,1
3763,1
3762,1
3810,1
3812,1
3853,1
3813,1
3852,1
3851,1
3849,1
3848,1
3843,1
3841,1
3838,1
3837,1
3836,1
3835,1
3833,1
3832,1
3829,1
3828,1
3827,1
3825,1
3821,1
3820,1
3819,1
3815,1
3814,1
4334,1
4341,1
5184,1
4907,1
4929,1
4928,1
4926,1
4921,1
4916,1
4915,1
4914,1
4912,1
4911,1
4910,1
4906,1
4884,1
4905,1
4904,1
4903,1
4902,1
4899,1
4898,1
4897,1
4895,1
4891,1
4890,1
4932,1
4933,1
4936,1
4938,1
4980,1
4979,1
4978,1
4977,1
4976,1
4975,1
4972,1
4971,1
4969,1
4965,1
4964,1
4963,1
4958,1
4956,1
4953,1
4951,1
4950,1
4949,1
4948,1
4942,1
4939,1
4887,1
4880,1
4983,1
4794,1
4813,1
4811,1
4810,1
4807,1
4805,1
4801,1
4800,1
4799,1
4798,1
4797,1
4793,1
4876,1
4787,1
4786,1
4785,1
4784,1
4780,1
4777,1
4776,1
4775,1
4773,1
4771,1
4815,1
4818,1
4819,1
4826,1
4874,1
4873,1
4872,1
4871,1
4870,1
4869,1
4865,1
4862,1
4857,1
4855,1
4851,1
4845,1
4843,1
4841,1
4840,1
4837,1
4832,1
4831,1
4830,1
4829,1
4828,1
4981,1
4984,1
4342,1
5116,1
5134,1
5131,1
5130,1
5129,1
5128,1
5127,1
5124,1
5121,1
5120,1
5118,1
5111,1
5091,1
5110,1
5109,1
5108,1
5106,1
5105,1
5103,1
5099,1
5097,1
5096,1
5094,1
5136,1
5137,1
5138,1
5139,1
5181,1
5179,1
5176,1
5174,1
5173,1
5172,1
5171,1
5170,1
5169,1
5168,1
5165,1
5163,1
5162,1
5160,1
5156,1
5155,1
5154,1
5151,1
5150,1
5143,1
5142,1
5093,1
5089,1
4985,1
5012,1
5039,1
5038,1
5035,1
5034,1
5031,1
5028,1
5023,1
5015,1
5014,1
5013,1
5011,1
5088,1
5009,1
5005,1
5004,1
5003,1
5002,1
5001,1
4995,1
4992,1
4989,1
4986,1
5040,1
5042,1
5048,1
5049,1
5085,1
5083,1
5082,1
5080,1
5078,1
5076,1
5075,1
5074,1
5071,1
5070,1
5069,1
5068,1
5067,1
5066,1
5065,1
5062,1
5061,1
5057,1
5056,1
5053,1
5050,1
4769,1
4767,1
4766,1
4478,1
4498,1
4496,1
4495,1
4493,1
4492,1
4490,1
4488,1
4485,1
4484,1
4479,1
4468,1
4442,1
4462,1
4461,1
4459,1
4458,1
4457,1
4456,1
4455,1
4450,1
4449,1
4445,1
4504,1
4507,1
4509,1
4513,1
4550,1
4549,1
4548,1
4547,1
4544,1
4543,1
4540,1
4539,1
4537,1
4536,1
4533,1
4532,1
4528,1
4527,1
4525,1
4524,1
4523,1
4522,1
4520,1
4519,1
4515,1
4444,1
4436,1
4765,1
4367,1
4379,1
4378,1
4377,1
4376,1
4375,1
4374,1
4373,1
4370,1
4369,1
4368,1
4366,1
4432,1
4365,1
4359,1
4355,1
4354,1
4352,1
4350,1
4346,1
4345,1
4344,1
4343,1
4380,1
4381,1
4383,1
4384,1
4430,1
4429,1
4428,1
4423,1
4418,1
4416,1
4410,1
4407,1
4404,1
4403,1
4402,1
4401,1
4399,1
4395,1
4394,1
4393,1
4391,1
4390,1
4389,1
4387,1
4385,1
4553,1
4555,1
4557,1
4705,1
4722,1
4721,1
4719,1
4718,1
4717,1
4715,1
4713,1
4708,1
4707,1
4706,1
4704,1
4560,1
4701,1
4700,1
4692,1
4687,1
4684,1
4683,1
4682,1
4681,1
4678,1
4675,1
4724,1
4727,1
4728,1
4731,1
4763,1
4761,1
4758,1
4757,1
4756,1
4755,1
4753,1
4751,1
4750,1
4748,1
4747,1
4746,1
4745,1
4742,1
4741,1
4740,1
4739,1
4737,1
4736,1
4734,1
4733,1
4674,1
4671,1
4670,1
4611,1
4607,1
4606,1
4605,1
4604,1
4598,1
4594,1
4593,1
4592,1
4591,1
4587,1
4586,1
4585,1
4584,1
4580,1
4574,1
4570,1
4568,1
4566,1
4564,1
4562,1
4561,1
4610,1
4616,1
4669,1
4620,1
4666,1
4663,1
4660,1
4658,1
4656,1
4655,1
4653,1
4649,1
4648,1
4647,1
4645,1
4643,1
4642,1
4639,1
4636,1
4633,1
4629,1
4624,1
4623,1
4622,1
4621,1
9985,1
